Vendor ID,Vendor Name,Vendor Category,Risk Tier,Preferred Vendor,Invoice Count,Invoice Value USD,Review Count,Average Review Risk,High Risk Invoices,Late Payments,Rework Count,Review Rate,Late Payment Rate
V-0001,Evergreen Consulting Group,Hardware,Low,No,46,13972.55676,9,0.41258093764401965,0,10.0,2,0.1956521739130435,0.21739130434782608
V-0002,Cobalt Services LLC,Software,Low,Yes,47,64032.94388,47,0.7408812667664237,46,14.0,12,1.0,0.2978723404255319
V-0003,Cobalt Technologies Group,Software,Low,Yes,42,823418.82048,10,0.4361477045856497,1,7.0,1,0.23809523809523808,0.16666666666666666
V-0004,Harbor Networks Ltd.,Facilities,Low,No,56,900739.1974,9,0.3791980758897597,0,14.0,1,0.16071428571428573,0.25
V-0005,Atlas Resources Inc.,Telecommunications,Low,No,40,679328.24,12,0.4188746776191089,0,5.0,2,0.3,0.125
V-0006,Copperfield Digital Group,Telecommunications,Medium,No,42,454813.95129999996,12,0.4242171840240303,0,5.0,1,0.2857142857142857,0.11904761904761904
V-0007,Redwood Logistics Ltd.,Marketing,Low,No,20,1764.8749200000002,8,0.49443498529469226,0,3.0,0,0.4,0.15
V-0008,Lighthouse Supply Inc.,Cloud Infrastructure,Low,Yes,32,465977.16000000003,6,0.40170296332380484,1,4.0,0,0.1875,0.125
V-0009,Blue Ridge Supply LLC,Legal Services,Medium,No,27,779217.87,8,0.4331293734561541,1,9.0,1,0.2962962962962963,0.3333333333333333
V-0010,Copperfield Logistics Ltd.,Professional Services,Low,Yes,57,1316314.6003999999,18,0.45431323443542665,2,12.0,2,0.3157894736842105,0.21052631578947367
V-0011,Oakmont Solutions LLC,Insurance,Medium,Yes,38,720638.77,10,0.41873282230388453,2,5.0,2,0.2631578947368421,0.13157894736842105
V-0012,Oakmont Technologies LLC,Insurance,Medium,No,39,465006.02,7,0.37949299897368066,1,5.0,1,0.1794871794871795,0.1282051282051282
V-0013,Cobalt Operations LLC,Software,Low,Yes,37,867087.6779,37,0.683516076789051,11,6.0,5,1.0,0.16216216216216217
V-0014,Summit Logistics Group,Cloud Infrastructure,Medium,No,43,602595.6,6,0.3689011265570854,1,6.0,1,0.13953488372093023,0.13953488372093023
V-0015,Clearview Digital Inc.,Recruiting,Medium,Yes,50,567044.69388,8,0.3741006915065573,0,9.0,3,0.16,0.18
V-0016,Redwood Consulting LLC,Travel,Medium,No,27,594582.39,7,0.4288266012753917,3,4.0,1,0.25925925925925924,0.14814814814814814
V-0017,Cobalt Analytics Group,Professional Services,High,No,48,1484122.8288,25,0.5593551666261394,10,15.0,3,0.5208333333333334,0.3125
V-0018,Evergreen Resources Inc.,Travel,Low,No,21,446195.33,5,0.41102290844144995,1,6.0,1,0.23809523809523808,0.2857142857142857
V-0019,Redwood Systems LLC,Recruiting,Low,No,29,540234.701,9,0.4474938573135733,1,7.0,1,0.3103448275862069,0.2413793103448276
V-0020,Copperfield Partners Group,Software,High,Yes,28,382270.9366,12,0.5207602428398224,1,5.0,2,0.42857142857142855,0.17857142857142858
V-0021,Brightpath Operations LLC,Office Supplies,Medium,No,13,119006.06,4,0.4238044105339999,0,5.0,2,0.3076923076923077,0.38461538461538464
V-0022,Lighthouse Solutions LLC,Hardware,High,Yes,40,504835.31676,18,0.4903840391422992,1,5.0,1,0.45,0.125
V-0023,Evergreen Systems LLC,Travel,Medium,No,34,1525391.4384,13,0.4753603360156812,1,7.0,2,0.38235294117647056,0.20588235294117646
V-0024,Evergreen Solutions Inc.,Marketing,Low,No,30,751595.2956000001,8,0.4356346248201492,2,4.0,1,0.26666666666666666,0.13333333333333333
V-0025,Oakmont Supply Group,Hardware,Medium,Yes,33,605852.4363,10,0.4340589775081244,0,7.0,0,0.30303030303030304,0.21212121212121213
V-0026,Oakmont Supply Ltd.,Professional Services,Medium,No,26,628738.5996000001,6,0.4125321095409573,0,5.0,1,0.23076923076923078,0.19230769230769232
V-0027,Harbor Digital LLC,Travel,Low,No,28,660027.24,28,0.6711785616103326,10,12.0,1,1.0,0.42857142857142855
V-0028,Harbor Consulting Ltd.,Insurance,Medium,Yes,24,471447.0322,24,0.7386320071163878,22,8.0,6,1.0,0.3333333333333333
V-0029,Crescent Technologies LLC,Hardware,Medium,No,43,752020.19,9,0.38326065212664906,0,7.0,0,0.20930232558139536,0.16279069767441862
V-0030,Crescent Networks Inc.,Facilities,Low,No,28,321169.9106,10,0.47145318991032154,0,4.0,1,0.35714285714285715,0.14285714285714285
V-0031,Lighthouse Systems Inc.,Legal Services,High,Yes,27,414822.081,12,0.44987124302715414,0,5.0,3,0.4444444444444444,0.18518518518518517
V-0032,Harbor Networks Group,Insurance,Low,No,34,436162.7636,12,0.4776161919712359,2,6.0,2,0.35294117647058826,0.17647058823529413
V-0033,Northstar Advisors LLC,Telecommunications,Medium,Yes,58,1677863.799,14,0.4209769855336715,0,12.0,2,0.2413793103448276,0.20689655172413793
V-0034,Beacon Solutions Inc.,Professional Services,Low,No,20,216070.6481,5,0.4077216536061562,0,3.0,1,0.25,0.15
V-0035,Pioneer Networks Ltd.,Software,Low,Yes,38,1114540.9231999998,13,0.4716587051308005,2,9.0,5,0.34210526315789475,0.23684210526315788
V-0036,Juniper Operations Ltd.,Cloud Infrastructure,Medium,No,35,394615.38,10,0.38957622651337653,0,6.0,4,0.2857142857142857,0.17142857142857143
V-0037,Redwood Supply LLC,Insurance,Low,Yes,47,1170623.9640000002,14,0.44561068876613336,3,6.0,1,0.2978723404255319,0.1276595744680851
V-0038,Beacon Analytics Ltd.,Insurance,Medium,No,47,530589.5626000001,9,0.37923910184939114,0,5.0,1,0.19148936170212766,0.10638297872340426
V-0039,Blue Ridge Networks Group,Marketing,Low,No,29,261712.56000000003,7,0.43115762892284015,1,3.0,1,0.2413793103448276,0.10344827586206896
V-0040,Evergreen Digital LLC,Cloud Infrastructure,Medium,No,16,179141.5008,3,0.3892446938625604,0,3.0,1,0.1875,0.1875
V-0041,Juniper Advisors Ltd.,Office Supplies,Medium,Yes,37,423882.2572,8,0.4183194840034297,0,9.0,3,0.21621621621621623,0.24324324324324326
V-0042,Harbor Services Group,Travel,Low,No,49,671862.5244,9,0.4175325272767931,0,8.0,0,0.1836734693877551,0.16326530612244897
V-0043,Crescent Analytics Group,Recruiting,Low,Yes,16,221151.50999999998,7,0.47918721302661943,0,3.0,1,0.4375,0.1875
V-0044,Blue Ridge Resources LLC,Recruiting,Low,No,36,590970.23,6,0.38522819363386857,0,3.0,2,0.16666666666666666,0.08333333333333333
V-0045,Atlas Services LLC,Cloud Infrastructure,Medium,No,37,729398.23,1,0.34745867162169425,0,7.0,0,0.02702702702702703,0.1891891891891892
V-0046,Beacon Solutions LLC,Cloud Infrastructure,Low,Yes,36,508973.37,12,0.4466024384035346,0,6.0,2,0.3333333333333333,0.16666666666666666
V-0047,Stonebridge Advisors Group,Facilities,Medium,No,46,677033.7524,15,0.43134859053755475,0,9.0,2,0.32608695652173914,0.1956521739130435
V-0048,Oakmont Systems Inc.,Office Supplies,Medium,Yes,41,597690.7692,12,0.43485924788607083,0,8.0,2,0.2926829268292683,0.1951219512195122
V-0049,Harbor Resources LLC,Marketing,Low,Yes,51,1073486.2384,14,0.4286035816040737,1,8.0,2,0.27450980392156865,0.1568627450980392
V-0050,Ironwood Services Ltd.,Legal Services,Low,No,38,645925.0831,13,0.4488462466073075,2,10.0,3,0.34210526315789475,0.2631578947368421
V-0051,Summit Digital Ltd.,Recruiting,Low,No,34,14772.24092,10,0.46431767007861935,0,10.0,1,0.29411764705882354,0.29411764705882354
V-0052,Evergreen Consulting LLC,Insurance,Low,Yes,40,614781.90862,12,0.45128198175674256,1,5.0,6,0.3,0.125
V-0053,Oakmont Supply Group,Marketing,Low,No,44,567178.8474,6,0.3837744015837114,0,6.0,0,0.13636363636363635,0.13636363636363635
V-0054,Crescent Logistics LLC,Facilities,Low,No,54,726345.4363000001,11,0.39203118241978674,3,10.0,2,0.2037037037037037,0.18518518518518517
V-0055,Silverline Analytics Group,Professional Services,Medium,Yes,48,497643.8506,15,0.46135070809487466,0,13.0,1,0.3125,0.2708333333333333
V-0056,Oakmont Services LLC,Office Supplies,Low,Yes,31,519845.06,10,0.4593426327495194,0,8.0,0,0.3225806451612903,0.25806451612903225
V-0057,Lighthouse Supply Ltd.,Marketing,Low,Yes,30,1147928.52036,8,0.433068379011213,2,9.0,2,0.26666666666666666,0.3
V-0058,Brightpath Logistics Inc.,Telecommunications,Low,No,29,722851.0207999999,9,0.4944697998262829,2,4.0,2,0.3103448275862069,0.13793103448275862
V-0059,Pioneer Solutions Group,Facilities,Low,Yes,27,661099.42,27,0.6689701030337839,5,3.0,10,1.0,0.1111111111111111
V-0060,Clearview Solutions LLC,Travel,Medium,Yes,20,398637.73,5,0.4253826207789796,1,4.0,0,0.25,0.2
V-0061,Copperfield Services Inc.,Travel,Low,No,38,717395.19,10,0.42116680292785713,3,5.0,3,0.2631578947368421,0.13157894736842105
V-0062,Juniper Resources Ltd.,Marketing,Low,Yes,36,767515.5499999999,11,0.43866537237105974,2,6.0,3,0.3055555555555556,0.16666666666666666
V-0063,Copperfield Systems Inc.,Hardware,Medium,No,57,905713.66,8,0.3609994933356796,0,10.0,1,0.14035087719298245,0.17543859649122806
V-0064,Summit Consulting Inc.,Office Supplies,Medium,No,46,557444.168,8,0.39207511850743276,1,6.0,3,0.17391304347826086,0.13043478260869565
V-0065,Stonebridge Networks Inc.,Recruiting,Low,No,46,571696.32,11,0.4105320263542646,0,10.0,3,0.2391304347826087,0.21739130434782608
V-0066,Stonebridge Networks Ltd.,Insurance,Low,Yes,43,697245.05,8,0.4013700429141158,1,5.0,1,0.18604651162790697,0.11627906976744186
V-0067,Beacon Operations Ltd.,Telecommunications,Medium,No,30,702555.73,7,0.3886252964208451,0,0.0,0,0.23333333333333334,0.0
V-0068,Redwood Technologies Inc.,Cloud Infrastructure,Medium,No,20,149317.5845,8,0.45207493413633965,0,6.0,1,0.4,0.3
V-0069,Atlas Logistics Inc.,Marketing,Low,No,32,636927.1599999999,9,0.40707551677239756,0,5.0,3,0.28125,0.15625
V-0070,Beacon Services LLC,Recruiting,Medium,Yes,32,891711.3782,11,0.4473602737485378,0,2.0,0,0.34375,0.0625
V-0071,Summit Services LLC,Telecommunications,Medium,Yes,43,791606.3638,4,0.3571025395521506,0,7.0,2,0.09302325581395349,0.16279069767441862
V-0072,Silverline Systems LLC,Office Supplies,Medium,Yes,39,699707.777,12,0.46599888370478976,2,9.0,1,0.3076923076923077,0.23076923076923078
V-0073,Pioneer Partners Ltd.,Travel,Low,Yes,32,1596986.02,3,0.38532341036570394,1,5.0,1,0.09375,0.15625
V-0074,Harbor Analytics Ltd.,Travel,High,No,35,683682.24,23,0.5006580040504799,4,11.0,2,0.6571428571428571,0.3142857142857143
V-0075,Evergreen Digital Group,Facilities,Low,No,44,611187.7062,11,0.42445775464986235,2,10.0,1,0.25,0.22727272727272727
V-0076,Summit Systems LLC,Cloud Infrastructure,Low,Yes,32,921686.9364,6,0.42320853162804706,1,6.0,0,0.1875,0.1875
V-0077,Cobalt Operations LLC,Cloud Infrastructure,Medium,No,33,709381.24,9,0.4021397415680897,1,7.0,2,0.2727272727272727,0.21212121212121213
V-0078,Crescent Networks Ltd.,Telecommunications,Low,No,35,479798.66,2,0.34270180321885263,0,11.0,0,0.05714285714285714,0.3142857142857143
V-0079,Brightpath Technologies LLC,Recruiting,Medium,Yes,48,1121825.7008,14,0.421471210997785,2,10.0,3,0.2916666666666667,0.20833333333333334
V-0080,Juniper Resources Inc.,Marketing,Medium,Yes,27,876612.8042000001,10,0.46613310238737415,1,5.0,2,0.37037037037037035,0.18518518518518517
V-0081,Silverline Supply Group,Legal Services,Medium,Yes,33,621975.1529999999,6,0.3931886487065206,0,6.0,2,0.18181818181818182,0.18181818181818182
V-0082,Cobalt Partners Ltd.,Facilities,Low,No,41,391261.52484,9,0.40565771360626834,1,4.0,1,0.21951219512195122,0.0975609756097561
V-0083,Pioneer Services Group,Hardware,Low,Yes,43,1494670.24312,7,0.38212493835822364,0,13.0,1,0.16279069767441862,0.3023255813953488
V-0084,Redwood Supply LLC,Cloud Infrastructure,Low,Yes,40,662947.8508,4,0.36901465142897966,0,9.0,0,0.1,0.225
V-0085,Silverline Analytics Inc.,Professional Services,Low,No,26,211150.19,7,0.42019695059596407,0,3.0,1,0.2692307692307692,0.11538461538461539
V-0086,Lighthouse Technologies LLC,Hardware,Medium,Yes,42,655433.0052,9,0.41227739402495117,2,10.0,0,0.21428571428571427,0.23809523809523808
V-0087,Atlas Digital Ltd.,Hardware,Low,Yes,26,408571.1064,10,0.48892184015413903,2,4.0,3,0.38461538461538464,0.15384615384615385
V-0088,Atlas Systems Group,Cloud Infrastructure,Medium,Yes,39,1027868.43,12,0.4334315093468519,1,4.0,2,0.3076923076923077,0.10256410256410256
V-0089,Atlas Supply LLC,Marketing,Low,No,30,431610.3246,6,0.4067141089799511,1,7.0,2,0.2,0.23333333333333334
V-0090,Copperfield Advisors Ltd.,Legal Services,Low,No,31,1960778.0112,8,0.44062432569382426,3,6.0,2,0.25806451612903225,0.1935483870967742
V-0091,Summit Resources Ltd.,Travel,Medium,Yes,30,303864.33484,11,0.4817812870545275,0,4.0,1,0.36666666666666664,0.13333333333333333
V-0092,Summit Resources Group,Marketing,Medium,No,34,351024.81,4,0.35203036311663766,0,3.0,0,0.11764705882352941,0.08823529411764706
V-0093,Clearview Systems Inc.,Office Supplies,Low,No,51,1409895.5839,11,0.41817085760666445,2,9.0,3,0.21568627450980393,0.17647058823529413
V-0094,Copperfield Systems Group,Telecommunications,Low,No,38,5975.30904,6,0.3987029618182712,0,6.0,1,0.15789473684210525,0.15789473684210525
V-0095,Crescent Supply Ltd.,Telecommunications,Low,Yes,31,244385.54,5,0.3819097873219408,0,6.0,0,0.16129032258064516,0.1935483870967742
V-0096,Copperfield Systems Group,Cloud Infrastructure,Medium,Yes,24,959393.9009,8,0.4452191544552786,0,8.0,2,0.3333333333333333,0.3333333333333333
V-0097,Clearview Analytics Ltd.,Facilities,Low,Yes,32,326710.8916,7,0.48510521424953545,1,3.0,1,0.21875,0.09375
V-0098,Cobalt Partners Group,Travel,High,No,13,117340.89,6,0.48904612269999514,0,2.0,0,0.46153846153846156,0.15384615384615385
V-0099,Copperfield Networks Ltd.,Recruiting,Low,No,45,505887.94,11,0.40512983408174563,1,8.0,3,0.24444444444444444,0.17777777777777778
V-0100,Summit Logistics Inc.,Telecommunications,Low,Yes,59,708433.4534,12,0.3938375375101582,0,6.0,1,0.2033898305084746,0.1016949152542373
V-0101,Juniper Technologies LLC,Facilities,Low,No,36,486807.4944,11,0.42809844499161376,0,2.0,2,0.3055555555555556,0.05555555555555555
V-0102,Blue Ridge Analytics Inc.,Office Supplies,Low,No,27,259771.28360000002,9,0.4524924107545695,0,1.0,4,0.3333333333333333,0.037037037037037035
V-0103,Silverline Services Group,Recruiting,Medium,Yes,36,639973.7396,8,0.4331643677296368,3,7.0,1,0.2222222222222222,0.19444444444444445
V-0104,Oakmont Operations Group,Marketing,Low,No,38,704488.68,7,0.38909540817277827,1,7.0,1,0.18421052631578946,0.18421052631578946
V-0105,Ironwood Analytics Inc.,Telecommunications,Low,Yes,25,273390.67,7,0.42651601912784154,1,3.0,0,0.28,0.12
V-0106,Oakmont Analytics Inc.,Travel,Low,No,27,412867.0848,11,0.48376097978575167,3,9.0,0,0.4074074074074074,0.3333333333333333
V-0107,Silverline Advisors Inc.,Office Supplies,Low,No,49,774137.1522,13,0.4379729758203802,2,13.0,2,0.2653061224489796,0.2653061224489796
V-0108,Summit Supply Ltd.,Insurance,Low,No,23,301525.2006,7,0.46415248101377143,0,3.0,2,0.30434782608695654,0.13043478260869565
V-0109,Blue Ridge Analytics LLC,Travel,Low,Yes,25,375785.57324,5,0.4024598902666815,0,6.0,0,0.2,0.24
V-0110,Ironwood Networks Ltd.,Cloud Infrastructure,Medium,No,20,3089.77104,1,0.3621051658149721,0,3.0,0,0.05,0.15
V-0111,Brightpath Solutions Inc.,Facilities,Low,Yes,14,85811.39360000001,5,0.45518995274502333,0,2.0,1,0.35714285714285715,0.14285714285714285
V-0112,Crescent Systems Group,Professional Services,Medium,No,41,1045297.84748,9,0.3900682335388132,3,6.0,0,0.21951219512195122,0.14634146341463414
V-0113,Stonebridge Logistics Inc.,Legal Services,Low,Yes,30,709217.0664,8,0.44795011490853753,1,4.0,1,0.26666666666666666,0.13333333333333333
V-0114,Beacon Logistics Group,Hardware,Medium,No,37,1270165.6624,12,0.4266503772599512,0,6.0,3,0.32432432432432434,0.16216216216216217
V-0115,Ironwood Services Group,Travel,Low,Yes,55,939572.7732,13,0.4208845904924447,2,9.0,3,0.23636363636363636,0.16363636363636364
V-0116,Juniper Supply LLC,Legal Services,Medium,No,35,660935.21,5,0.3919808591314132,0,5.0,0,0.14285714285714285,0.14285714285714285
V-0117,Atlas Consulting LLC,Hardware,Low,No,63,997725.6575999999,17,0.4262960171137489,1,11.0,4,0.2698412698412698,0.1746031746031746
V-0118,Stonebridge Logistics Ltd.,Facilities,Low,No,50,891220.75,6,0.3564297752165092,0,7.0,1,0.12,0.14
V-0119,Evergreen Systems Group,Hardware,Medium,No,20,673382.48,7,0.4309512047292162,0,4.0,2,0.35,0.2
V-0120,Oakmont Advisors Group,Travel,Medium,Yes,23,228943.18399999998,6,0.4269182607768018,0,7.0,0,0.2608695652173913,0.30434782608695654
V-0121,Cobalt Systems Inc.,Insurance,High,Yes,39,826011.85036,39,0.7143619510539901,26,13.0,10,1.0,0.3333333333333333
V-0122,Summit Operations Ltd.,Software,Low,Yes,18,197317.2004,4,0.4471536302731836,1,1.0,2,0.2222222222222222,0.05555555555555555
V-0123,Oakmont Analytics Ltd.,Office Supplies,Low,No,49,1726402.6400000001,49,0.6873283682510731,18,16.0,10,1.0,0.32653061224489793
V-0124,Brightpath Systems Ltd.,Insurance,Low,No,34,322803.8027,5,0.3888756021723641,0,7.0,1,0.14705882352941177,0.20588235294117646
V-0125,Brightpath Resources Ltd.,Software,Low,No,55,1091069.4130000002,13,0.41216444573083466,1,13.0,3,0.23636363636363636,0.23636363636363636
V-0126,Blue Ridge Digital LLC,Hardware,Low,Yes,28,915786.8200000001,5,0.39574494753389156,0,8.0,1,0.17857142857142858,0.2857142857142857
V-0127,Ironwood Solutions Inc.,Office Supplies,Medium,Yes,36,742905.12,6,0.40671360684775887,2,4.0,1,0.16666666666666666,0.1111111111111111
V-0128,Harbor Systems LLC,Hardware,Low,No,27,349656.045,12,0.4827338878405121,0,3.0,2,0.4444444444444444,0.1111111111111111
V-0129,Blue Ridge Digital Ltd.,Professional Services,Low,Yes,24,372975.8424,9,0.47752373695476963,2,4.0,2,0.375,0.16666666666666666
V-0130,Harbor Technologies Ltd.,Marketing,Low,Yes,48,1693624.2480000001,13,0.44786072840078356,2,8.0,3,0.2708333333333333,0.16666666666666666
V-0131,Copperfield Systems LLC,Recruiting,Low,No,38,421620.75,13,0.42615196262890764,1,4.0,2,0.34210526315789475,0.10526315789473684
V-0132,Atlas Supply Group,Hardware,Medium,Yes,38,457103.77999999997,8,0.41477286623412196,0,4.0,2,0.21052631578947367,0.10526315789473684
V-0133,Cobalt Partners Group,Software,Medium,Yes,42,549023.53,7,0.417984299664482,0,9.0,2,0.16666666666666666,0.21428571428571427
V-0134,Atlas Resources Ltd.,Software,Low,Yes,31,776308.89,12,0.48804935191595333,2,6.0,1,0.3870967741935484,0.1935483870967742
V-0135,Stonebridge Systems LLC,Facilities,Low,Yes,31,496527.0332,10,0.44332723021539944,2,8.0,1,0.3225806451612903,0.25806451612903225
V-0136,Clearview Services Inc.,Professional Services,High,No,30,127971.50779999999,16,0.4843164485357282,1,6.0,2,0.5333333333333333,0.2
V-0137,Pioneer Consulting Ltd.,Legal Services,Low,Yes,27,850154.1276,27,0.6691127863206248,7,8.0,5,1.0,0.2962962962962963
V-0138,Atlas Partners Group,Marketing,High,Yes,49,1248237.0312,20,0.4693398764211039,3,9.0,1,0.40816326530612246,0.1836734693877551
V-0139,Evergreen Systems Group,Recruiting,Medium,No,21,273028.0,5,0.38521578812944623,0,1.0,2,0.23809523809523808,0.047619047619047616
V-0140,Blue Ridge Operations Inc.,Recruiting,Medium,No,42,743980.5338,11,0.3948672211197201,0,7.0,0,0.2619047619047619,0.16666666666666666
