Rank,Feature,Importance,Direction
1,Control Flag Count,0.2714481197780602,Importance
2,Missing or Invalid PO,0.1359100187243313,Importance
3,Payment Terms Mismatch,0.08747461413349682,Importance
4,Inactive Vendor,0.07945997437903919,Importance
5,Invoice Over PO,0.060260943478717105,Importance
6,Log Invoice Amount USD,0.030241260499512566,Importance
7,Currency Mismatch,0.02881824071615977,Importance
8,Invoice Amount USD,0.02643230710434217,Importance
9,Potential Duplicate,0.025475017205721182,Importance
10,Risk Tier_High,0.021231107938857793,Importance
11,Payment Terms Days,0.015824412260461305,Importance
12,Received Month,0.012129569704882971,Importance
13,Currency_GBP,0.012042258768861957,Importance
14,PO Approval Status_Closed,0.010738806208822381,Importance
15,Risk Tier_Medium,0.009787513025503052,Importance
16,Preferred Vendor_Yes,0.008877843197908615,Importance
17,Vendor Category_Software,0.008657405117315858,Importance
18,PO Approval Status_Approved,0.0077895982066726425,Importance
19,Received Quarter_Q4,0.006242941877542314,Importance
20,Vendor Country_United Kingdom,0.00577098550108701,Importance
21,Currency_USD,0.005236088107101181,Importance
22,Currency_INR,0.005122736116893095,Importance
23,Preferred Vendor_No,0.004619434042542159,Importance
24,Vendor Category_Telecommunications,0.004272984697278035,Importance
25,Risk Tier_Low,0.0036872269692146777,Importance
26,Vendor Category_Cloud Infrastructure,0.0035813346655479443,Importance
27,Vendor Country_India,0.003510673939174463,Importance
28,Days Invoice to Receipt,0.0034999423188308426,Importance
29,Received Quarter_Q2,0.0032863604092290633,Importance
30,Vendor Category_Insurance,0.0031898011666879763,Importance
31,Vendor Country_United States,0.0025490371503041685,Importance
32,Currency_EUR,0.002275176760528639,Importance
33,Vendor Category_Office Supplies,0.0022007235082112005,Importance
34,Vendor Category_Professional Services,0.0020517256238388407,Importance
35,Currency_SGD,0.0018630259890670398,Importance
36,Vendor Category_Hardware,0.0016998729455490824,Importance
37,Received Quarter_Q1,0.0016937035445424187,Importance
38,Vendor Category_Legal Services,0.0016716177537945782,Importance
39,PO Expired at Receipt,0.001616094053060445,Importance
40,Submitted Channel_Supplier portal,0.001593967880798138,Importance
41,Vendor Country_Ireland,0.0014694965274413066,Importance
42,Department_Facilities,0.0014529530451044606,Importance
43,Department_IT,0.001440678404257898,Importance
44,Department_Security,0.0014365498885102485,Importance
45,Invoice Type_Standard,0.0014229730938679509,Importance
46,Received Weekday_Tuesday,0.0014189738178842796,Importance
47,Vendor Category_Travel,0.0013776072647525926,Importance
48,Vendor Category_Recruiting,0.001349611254101072,Importance
49,Cost Center_IT-305,0.001333282981690371,Importance
50,Received Weekday_Wednesday,0.0013078825408822227,Importance
51,Department_Sales,0.0012690424323834515,Importance
52,Department_Customer Success,0.0012446023385545165,Importance
53,Currency_CAD,0.0012294993253325116,Importance
54,Received Quarter_Q3,0.0012165692100259196,Importance
55,Vendor Category_Marketing,0.0012060207195670918,Importance
56,Vendor Country_Canada,0.0011622784537748609,Importance
57,Received Weekday_Friday,0.001155295168136272,Importance
58,Cost Center_SEC-186,0.0011119635027068723,Importance
59,Vendor Country_Germany,0.0011096616289215443,Importance
60,Received Weekday_Sunday,0.0011094384349168431,Importance
61,Received Weekday_Thursday,0.0011075085060662541,Importance
62,Submitted Channel_EDI,0.0010998900489169277,Importance
63,Vendor Category_Facilities,0.0010903334775867462,Importance
64,Received Weekday_Monday,0.00108456838324993,Importance
65,Department_People,0.0010616175457499168,Importance
66,Department_Legal,0.001033305635431855,Importance
67,Submitted Channel_Email,0.0010332183702253888,Importance
68,Department_Marketing,0.0010029059586988264,Importance
69,Cost Center_CUS-131,0.0009879623078128215,Importance
70,Department_Engineering,0.0009742356498906797,Importance
71,Received Weekday_Saturday,0.0009686278813681211,Importance
72,Cost Center_CUS-478,0.0009555234211473693,Importance
73,Cost Center_CUS-437,0.0009499091825584358,Importance
74,Cost Center_SEC-133,0.0009381767529777298,Importance
75,Cost Center_FAC-157,0.0009375994800361506,Importance
76,Vendor Country_Singapore,0.0008938578815573692,Importance
77,Invoice Type_Recurring,0.0008387145760488381,Importance
78,Department_Finance,0.000707573647337498,Importance
79,Cost Center_LEG-367,0.000622171948103608,Importance
80,Invoice Type_Prepayment,0.0006135623302707864,Importance
81,Cost Center_CUS-358,0.0006080568345128267,Importance
82,Invoice Type_Credit memo,0.0005934415704609002,Importance
83,Cost Center_PEO-155,0.0005915426643319409,Importance
84,Cost Center_SAL-444,0.0005767259955629115,Importance
85,Cost Center_LEG-195,0.0005729204817432358,Importance
86,Cost Center_FAC-448,0.0005198872838554142,Importance
87,Cost Center_PEO-182,0.0005195378174098734,Importance
88,Cost Center_FIN-452,0.0004959649666253718,Importance
89,Cost Center_MAR-156,0.00049463500796611,Importance
90,Cost Center_LEG-364,0.0004927194814307014,Importance
91,Cost Center_IT-220,0.0004653734677024599,Importance
92,Cost Center_PEO-259,0.00044379737530890863,Importance
93,Cost Center_ENG-459,0.0004029086779091675,Importance
94,Cost Center_SAL-431,0.00036458186491924977,Importance
95,Cost Center_CUS-204,0.0003493678223221778,Importance
96,Cost Center_MAR-168,0.0003412991273893913,Importance
97,Cost Center_ENG-399,0.0003248635839705899,Importance
98,Cost Center_LEG-495,0.0003232741682830186,Importance
99,Cost Center_SAL-350,0.000319940589810226,Importance
100,Cost Center_SAL-144,0.0003195391369587489,Importance
101,Cost Center_FAC-279,0.0003075335087187701,Importance
102,Cost Center_PEO-366,0.0003061510403382946,Importance
103,Cost Center_SEC-265,0.00029753214085665374,Importance
104,Cost Center_PEO-108,0.00027392014889877485,Importance
105,Cost Center_IT-413,0.0002717759725135162,Importance
106,Cost Center_SAL-238,0.0002640856991424023,Importance
107,Cost Center_FIN-202,0.0002578770202546008,Importance
108,Cost Center_MAR-233,0.00025558857504669375,Importance
109,Cost Center_CUS-283,0.00025187876940354573,Importance
110,Cost Center_CUS-483,0.0002446329082154393,Importance
111,Cost Center_PEO-342,0.0002423139884984165,Importance
112,Cost Center_FIN-278,0.00023602591184440852,Importance
113,Cost Center_SAL-245,0.0002338828876389998,Importance
114,Cost Center_LEG-130,0.00022903179988403055,Importance
115,Cost Center_MAR-193,0.00022693699596136436,Importance
116,Cost Center_FAC-196,0.00022527832765552704,Importance
117,Cost Center_FAC-495,0.00022056778384469097,Importance
118,Cost Center_FIN-128,0.00022035993460772056,Importance
119,Cost Center_IT-112,0.00021163374158422046,Importance
120,Cost Center_MAR-240,0.00020885485994719176,Importance
121,Cost Center_SAL-324,0.00020818946207218518,Importance
122,Cost Center_IT-313,0.00020607695361948386,Importance
123,Cost Center_MAR-354,0.00020555496972960647,Importance
124,Cost Center_SEC-142,0.00020206410850483178,Importance
125,Cost Center_CUS-495,0.00019809191955316854,Importance
126,Cost Center_SAL-405,0.0001868337317756007,Importance
127,Cost Center_LEG-166,0.00018480577047062406,Importance
128,Cost Center_SAL-445,0.00018002266296673224,Importance
129,Cost Center_FAC-186,0.00017902116436753913,Importance
130,Cost Center_ENG-101,0.00017837984397370792,Importance
131,Cost Center_MAR-499,0.00017606939786721018,Importance
132,Cost Center_FIN-443,0.0001736329843662329,Importance
133,Cost Center_MAR-301,0.00017303959793628796,Importance
134,Cost Center_FAC-212,0.00016857348364159125,Importance
135,Cost Center_FAC-416,0.0001632920685166682,Importance
136,Cost Center_CUS-491,0.00016282405796816371,Importance
137,Cost Center_FIN-405,0.0001589069532922126,Importance
138,Cost Center_SEC-304,0.0001585501153260209,Importance
139,Cost Center_FAC-408,0.00015739365437335997,Importance
140,Cost Center_SAL-299,0.00015673882619682056,Importance
141,Cost Center_IT-217,0.00015582672277025185,Importance
142,Cost Center_ENG-326,0.00015348447743236356,Importance
143,Cost Center_CUS-223,0.00015311996829600537,Importance
144,Cost Center_IT-187,0.00015239691484175168,Importance
145,Cost Center_FAC-439,0.00014764443726127441,Importance
146,Cost Center_ENG-393,0.0001471327613051496,Importance
147,Cost Center_MAR-277,0.00014652715510835468,Importance
148,Cost Center_ENG-190,0.00014396847920114961,Importance
149,Cost Center_IT-394,0.0001410876730333707,Importance
150,Cost Center_ENG-155,0.00013880011084417923,Importance
151,Cost Center_CUS-129,0.00013628926346981587,Importance
152,Cost Center_CUS-370,0.00013570530500728282,Importance
153,Cost Center_FIN-357,0.00013542670055358833,Importance
154,Cost Center_FAC-410,0.00013428677536653493,Importance
155,Cost Center_CUS-368,0.00013349344435779838,Importance
156,Cost Center_IT-374,0.00013263072866426189,Importance
157,Cost Center_ENG-211,0.00013225736130495413,Importance
158,Cost Center_SAL-187,0.0001314658982518362,Importance
159,Cost Center_LEG-415,0.00013119847254035552,Importance
160,Cost Center_ENG-212,0.0001281733470372898,Importance
161,Cost Center_IT-198,0.00012749507147981877,Importance
162,Cost Center_LEG-283,0.0001261017612866011,Importance
163,Cost Center_CUS-293,0.0001247198811532822,Importance
164,Cost Center_ENG-494,0.00012410618819510633,Importance
165,Cost Center_ENG-404,0.00012340362155796434,Importance
166,Cost Center_IT-461,0.0001226154382751639,Importance
167,Cost Center_ENG-414,0.0001223367349832668,Importance
168,Cost Center_IT-264,0.00012221547902022521,Importance
169,Cost Center_SEC-143,0.00012210221858523026,Importance
170,Cost Center_PEO-149,0.00011663799251250074,Importance
171,Cost Center_ENG-413,0.00011495537958799996,Importance
172,Cost Center_PEO-332,0.00011349135707443759,Importance
173,Cost Center_SEC-343,0.00011059266719974885,Importance
174,Cost Center_PEO-339,0.00010935095375838908,Importance
175,Cost Center_PEO-452,0.00010831494193930576,Importance
176,Cost Center_FAC-458,0.00010738142512009693,Importance
177,Cost Center_MAR-340,0.0001066721077656969,Importance
178,Cost Center_LEG-229,0.00010576040773393577,Importance
179,Cost Center_IT-238,0.00010537040338058982,Importance
180,Cost Center_SAL-487,0.00010517005286491877,Importance
181,Cost Center_FAC-158,0.00010508723997920015,Importance
182,Cost Center_SAL-127,0.000101908498439566,Importance
183,Cost Center_FAC-234,0.00010069018819518146,Importance
184,Cost Center_FAC-215,0.0001004352242425954,Importance
185,Cost Center_CUS-366,0.00010020703468186694,Importance
186,Cost Center_CUS-487,9.898345577362739e-05,Importance
187,Cost Center_IT-192,9.896034464860745e-05,Importance
188,Cost Center_FIN-160,9.859933649382252e-05,Importance
189,Cost Center_FIN-362,9.769747169979164e-05,Importance
190,Cost Center_FAC-445,9.6111028561002e-05,Importance
191,Cost Center_PEO-272,9.22788947110572e-05,Importance
192,Cost Center_ENG-258,9.174760937237817e-05,Importance
193,Cost Center_LEG-454,9.09788132184792e-05,Importance
194,Cost Center_SEC-470,8.972094284270442e-05,Importance
195,Cost Center_PEO-181,8.814353027304486e-05,Importance
196,Cost Center_ENG-335,8.786783736648e-05,Importance
197,Cost Center_MAR-410,8.783897834828351e-05,Importance
198,Cost Center_ENG-391,8.726634585566407e-05,Importance
199,Cost Center_CUS-101,8.69163230558185e-05,Importance
200,Cost Center_LEG-427,8.180290828496749e-05,Importance
201,Cost Center_MAR-444,8.107545484845083e-05,Importance
202,Cost Center_SEC-393,7.927926061316558e-05,Importance
203,Cost Center_PEO-441,7.833142025409526e-05,Importance
204,Cost Center_FAC-272,7.745647686737556e-05,Importance
205,Cost Center_SAL-200,7.732557934413902e-05,Importance
206,Cost Center_PEO-281,7.726438651374043e-05,Importance
207,Cost Center_MAR-325,7.661854545085361e-05,Importance
208,Cost Center_FIN-134,7.656930907993114e-05,Importance
209,Cost Center_CUS-286,7.645484376707271e-05,Importance
210,Cost Center_MAR-219,7.641305462577472e-05,Importance
211,Cost Center_PEO-202,7.376890431743767e-05,Importance
212,Cost Center_IT-232,7.307292148883777e-05,Importance
213,Cost Center_MAR-261,7.24551364267608e-05,Importance
214,Cost Center_FAC-316,7.220252678281214e-05,Importance
215,Cost Center_PEO-235,7.17212298610269e-05,Importance
216,Cost Center_MAR-110,7.162776081627108e-05,Importance
217,Cost Center_ENG-134,7.083424699897864e-05,Importance
218,Cost Center_SAL-121,7.080040045370439e-05,Importance
219,Cost Center_FIN-156,7.079531168078928e-05,Importance
220,Cost Center_MAR-145,6.849156192967264e-05,Importance
221,Cost Center_FIN-469,6.795534231657355e-05,Importance
222,Cost Center_SAL-493,6.661303603254544e-05,Importance
223,Cost Center_SAL-222,6.64174624555867e-05,Importance
224,Cost Center_FAC-256,6.637953431784447e-05,Importance
225,Cost Center_IT-148,6.603462143339817e-05,Importance
226,Cost Center_CUS-229,6.507353959366504e-05,Importance
227,Cost Center_LEG-268,6.28637657823042e-05,Importance
228,Cost Center_FIN-164,6.275996944809499e-05,Importance
229,Cost Center_SAL-311,6.24413399699237e-05,Importance
230,Cost Center_SAL-454,6.109564761953124e-05,Importance
231,Cost Center_FAC-198,6.0116395179774116e-05,Importance
232,Cost Center_SAL-373,5.8862659109777614e-05,Importance
233,Cost Center_SAL-117,5.861815781442022e-05,Importance
234,Cost Center_FAC-151,5.846418784368862e-05,Importance
235,Cost Center_PEO-302,5.776951910596394e-05,Importance
236,Cost Center_ENG-362,5.707184615331685e-05,Importance
237,Cost Center_SEC-151,5.684504637930411e-05,Importance
238,Cost Center_SAL-489,5.641995256590368e-05,Importance
239,Cost Center_FIN-454,5.279038438273091e-05,Importance
240,Cost Center_ENG-468,5.179697625341961e-05,Importance
241,Cost Center_ENG-107,5.165986563282409e-05,Importance
242,Cost Center_PEO-480,5.145810202810428e-05,Importance
243,Cost Center_SEC-334,5.138951390321454e-05,Importance
244,Cost Center_FAC-191,5.02514266837862e-05,Importance
245,Cost Center_SAL-412,5.009894343000871e-05,Importance
246,Cost Center_LEG-309,4.953774848597781e-05,Importance
247,Cost Center_ENG-412,4.905769874674407e-05,Importance
248,Cost Center_ENG-420,4.878089878570365e-05,Importance
249,Cost Center_SEC-119,4.832705332227827e-05,Importance
250,Cost Center_MAR-115,4.8015438123957246e-05,Importance
251,Cost Center_SAL-436,4.78999911515353e-05,Importance
252,Cost Center_MAR-386,4.77388712835256e-05,Importance
253,Cost Center_ENG-469,4.65266331526918e-05,Importance
254,Cost Center_FAC-206,4.600752725958466e-05,Importance
255,Cost Center_SEC-199,4.53789176946717e-05,Importance
256,Cost Center_ENG-111,4.4017976619107344e-05,Importance
257,Cost Center_IT-494,4.3861035348728365e-05,Importance
258,Cost Center_PEO-141,4.342004327367664e-05,Importance
259,Cost Center_SEC-363,4.2681596808183704e-05,Importance
260,Cost Center_FAC-121,4.242178204432513e-05,Importance
261,Cost Center_FAC-335,4.214440102482724e-05,Importance
262,Cost Center_FAC-342,4.042517411656718e-05,Importance
263,Cost Center_SAL-130,4.041247447513106e-05,Importance
264,Cost Center_PEO-353,4.037624036114731e-05,Importance
265,Cost Center_PEO-310,4.0274899565237534e-05,Importance
266,Cost Center_FAC-398,4.026469472790254e-05,Importance
267,Cost Center_IT-361,4.022406844435125e-05,Importance
268,Cost Center_FAC-243,4.00139792697765e-05,Importance
269,Cost Center_MAR-124,3.9705702452696536e-05,Importance
270,Cost Center_IT-335,3.888868027936972e-05,Importance
271,Cost Center_IT-224,3.866019363851436e-05,Importance
272,Cost Center_IT-275,3.846597886995224e-05,Importance
273,Cost Center_FIN-332,3.8332133787047824e-05,Importance
274,Cost Center_LEG-398,3.828994121991195e-05,Importance
275,Cost Center_IT-410,3.82493211088962e-05,Importance
276,Cost Center_PEO-317,3.7687390307506076e-05,Importance
277,Cost Center_LEG-487,3.753651160775096e-05,Importance
278,Cost Center_FIN-496,3.716882507672567e-05,Importance
279,Cost Center_FAC-189,3.712028599277243e-05,Importance
280,Cost Center_SEC-427,3.6479051303592364e-05,Importance
281,Cost Center_CUS-304,3.643935551232158e-05,Importance
282,Cost Center_SEC-452,3.638679525405903e-05,Importance
283,Cost Center_MAR-244,3.636968780564467e-05,Importance
284,Cost Center_ENG-137,3.518978115487763e-05,Importance
285,Cost Center_CUS-347,3.458177340990972e-05,Importance
286,Cost Center_LEG-234,3.4170679958354365e-05,Importance
287,Cost Center_LEG-238,3.3880596686743723e-05,Importance
288,Cost Center_ENG-293,3.3592819472086095e-05,Importance
289,Cost Center_PEO-111,3.351801174356048e-05,Importance
290,Cost Center_ENG-320,3.324729998113526e-05,Importance
291,Cost Center_MAR-470,3.322953372542129e-05,Importance
292,Cost Center_FAC-386,3.30968633533953e-05,Importance
293,Cost Center_SEC-134,3.263954148905189e-05,Importance
294,Cost Center_FIN-223,3.2360524840553655e-05,Importance
295,Cost Center_LEG-267,2.9773571729961894e-05,Importance
296,Cost Center_ENG-146,2.9462218620764836e-05,Importance
297,Cost Center_FAC-473,2.90275315132046e-05,Importance
298,Cost Center_FAC-497,2.8995330802896864e-05,Importance
299,Cost Center_CUS-193,2.882254565252615e-05,Importance
300,Cost Center_SEC-179,2.816120988832428e-05,Importance
301,Cost Center_IT-166,2.7694364946703838e-05,Importance
302,Cost Center_CUS-268,2.7522774402113695e-05,Importance
303,Cost Center_ENG-421,2.7056241113612034e-05,Importance
304,Cost Center_FAC-233,2.6599207449997912e-05,Importance
305,Cost Center_IT-373,2.6356575649414366e-05,Importance
306,Cost Center_SEC-455,2.618390912772104e-05,Importance
307,Cost Center_MAR-361,2.583285302960126e-05,Importance
308,Cost Center_FIN-326,2.558947122691165e-05,Importance
309,Cost Center_CUS-348,2.5379960654646782e-05,Importance
310,Cost Center_PEO-163,2.5355767473405015e-05,Importance
311,Cost Center_IT-482,2.512861748326201e-05,Importance
312,Cost Center_ENG-228,2.5048567425495863e-05,Importance
313,Cost Center_LEG-339,2.4842931072511364e-05,Importance
314,Cost Center_CUS-139,2.4508281406129518e-05,Importance
315,Cost Center_SAL-362,2.4163977027981118e-05,Importance
316,Cost Center_LEG-189,2.3904675536417614e-05,Importance
317,Cost Center_MAR-453,2.365912899923581e-05,Importance
318,Cost Center_SEC-113,2.3591069442704837e-05,Importance
319,Cost Center_SAL-260,2.3556799369639485e-05,Importance
320,Cost Center_IT-422,2.2554423766205867e-05,Importance
321,Cost Center_SAL-375,2.1963657051638036e-05,Importance
322,Cost Center_MAR-366,2.195735474711508e-05,Importance
323,Cost Center_ENG-215,2.13430921084767e-05,Importance
324,Cost Center_PEO-343,2.1224278599670903e-05,Importance
325,Cost Center_FIN-320,2.1216414580207636e-05,Importance
326,Cost Center_FIN-276,2.05472437448555e-05,Importance
327,Cost Center_PEO-345,1.971644599027023e-05,Importance
328,Cost Center_SAL-275,1.953991188001302e-05,Importance
329,Cost Center_PEO-131,1.9289140870695213e-05,Importance
330,Cost Center_LEG-285,1.895887619746313e-05,Importance
331,Cost Center_LEG-122,1.877466903314531e-05,Importance
332,Cost Center_ENG-209,1.87614056839869e-05,Importance
333,Cost Center_IT-345,1.8588537686198553e-05,Importance
334,Cost Center_SEC-254,1.7723139803056697e-05,Importance
335,Cost Center_SAL-340,1.7029693100798223e-05,Importance
336,Cost Center_SAL-198,1.6954976870419043e-05,Importance
337,Cost Center_ENG-110,1.6658091457545674e-05,Importance
338,Cost Center_CUS-331,1.654033386653041e-05,Importance
339,Cost Center_ENG-395,1.6267038044352772e-05,Importance
340,Cost Center_SEC-480,1.6130401180918306e-05,Importance
341,Cost Center_ENG-224,1.6084385629557032e-05,Importance
342,Cost Center_FAC-297,1.6014108633737852e-05,Importance
343,Cost Center_IT-481,1.577663855676528e-05,Importance
344,Cost Center_SAL-432,1.537545012583509e-05,Importance
345,Cost Center_FIN-280,1.477248186380739e-05,Importance
346,Cost Center_FIN-407,1.4712894253008714e-05,Importance
347,Cost Center_MAR-245,1.461350239947206e-05,Importance
348,Cost Center_SEC-311,1.451738612764076e-05,Importance
349,Cost Center_SAL-199,1.4413095271047047e-05,Importance
350,Cost Center_MAR-413,1.402361709621457e-05,Importance
351,Cost Center_FAC-422,1.3603770800517064e-05,Importance
352,Cost Center_FIN-193,1.326473437749236e-05,Importance
353,Cost Center_FIN-336,1.3126328658511477e-05,Importance
354,Cost Center_ENG-349,1.2620908487718096e-05,Importance
355,Cost Center_SEC-132,1.2550414287824012e-05,Importance
356,Cost Center_PEO-459,1.2542544151952374e-05,Importance
357,Cost Center_SAL-481,1.23138742002011e-05,Importance
358,Cost Center_LEG-448,1.2204939211369793e-05,Importance
359,Cost Center_PEO-442,1.1779117356154315e-05,Importance
360,Cost Center_PEO-444,1.1663500590161364e-05,Importance
361,Cost Center_SEC-383,1.1452748053206359e-05,Importance
362,Cost Center_FAC-162,1.1179487902654561e-05,Importance
363,Cost Center_ENG-130,1.0917611193444192e-05,Importance
364,Cost Center_LEG-219,1.06993911346568e-05,Importance
365,Cost Center_IT-470,1.0639236393140435e-05,Importance
366,Cost Center_LEG-264,1.0515935490893512e-05,Importance
367,Cost Center_SAL-215,1.048853422288338e-05,Importance
368,Cost Center_ENG-151,1.0390589612666723e-05,Importance
369,Cost Center_IT-173,1.0334193784290272e-05,Importance
370,Cost Center_FAC-492,1.0299244493577716e-05,Importance
371,Cost Center_FAC-429,1.0003300446670158e-05,Importance
372,Cost Center_FIN-148,9.86786187968621e-06,Importance
373,Cost Center_ENG-457,9.674955412586525e-06,Importance
374,Cost Center_CUS-336,9.602754450405068e-06,Importance
375,Cost Center_MAR-128,9.601925951455825e-06,Importance
376,Cost Center_CUS-185,9.523986631894294e-06,Importance
377,Cost Center_SAL-418,9.44805674569041e-06,Importance
378,Cost Center_SAL-233,9.393621202912448e-06,Importance
379,Cost Center_SEC-339,9.286500856627127e-06,Importance
380,Cost Center_SEC-176,9.237512228904317e-06,Importance
381,Cost Center_LEG-236,9.125111197369865e-06,Importance
382,Cost Center_ENG-343,9.1210688670268e-06,Importance
383,Cost Center_ENG-245,9.099045731441898e-06,Importance
384,Cost Center_MAR-114,9.044424668396975e-06,Importance
385,Cost Center_CUS-119,8.918899858229716e-06,Importance
386,Cost Center_FIN-116,8.61886944655343e-06,Importance
387,Cost Center_FIN-300,8.286504250834886e-06,Importance
388,Cost Center_MAR-170,8.22573394235611e-06,Importance
389,Cost Center_FIN-346,8.15689110411696e-06,Importance
390,Cost Center_IT-181,7.877787625256859e-06,Importance
391,Cost Center_CUS-307,7.788167185642247e-06,Importance
392,Cost Center_IT-379,7.615060154744408e-06,Importance
393,Cost Center_CUS-387,7.592991463803039e-06,Importance
394,Cost Center_PEO-438,7.580419981476451e-06,Importance
395,Cost Center_FAC-133,7.311723788221585e-06,Importance
396,Cost Center_FIN-101,7.291852567953968e-06,Importance
397,Cost Center_MAR-176,7.1836658786786585e-06,Importance
398,Cost Center_SAL-335,6.925835087152244e-06,Importance
399,Cost Center_FAC-486,6.647525198298663e-06,Importance
400,Cost Center_FAC-460,6.591844103758257e-06,Importance
401,Cost Center_FAC-248,6.591259080472168e-06,Importance
402,Cost Center_LEG-275,6.589871253464338e-06,Importance
403,Cost Center_SAL-111,6.332746314856236e-06,Importance
404,Cost Center_MAR-270,6.177615918525294e-06,Importance
405,Cost Center_PEO-376,6.162923238726518e-06,Importance
406,Cost Center_FAC-370,5.782967830738175e-06,Importance
407,Cost Center_LEG-119,5.334330411133091e-06,Importance
408,Cost Center_SAL-248,4.6691718999491325e-06,Importance
409,Cost Center_ENG-124,4.6065849818714035e-06,Importance
410,Cost Center_SAL-280,4.219927247156529e-06,Importance
411,Cost Center_CUS-122,4.014242147910949e-06,Importance
412,Cost Center_FAC-149,3.992110416259358e-06,Importance
413,Cost Center_IT-310,3.845368564999668e-06,Importance
414,Cost Center_FIN-311,3.74044799525429e-06,Importance
415,Cost Center_SAL-320,3.6697718200761e-06,Importance
416,Cost Center_FIN-289,3.440495110832403e-06,Importance
417,Cost Center_LEG-381,3.383454247403584e-06,Importance
418,Cost Center_SEC-411,3.247440955242132e-06,Importance
419,Cost Center_FAC-406,3.2045742861714605e-06,Importance
420,Cost Center_FAC-294,3.1996858627321725e-06,Importance
421,Cost Center_IT-462,2.97564641298967e-06,Importance
422,Cost Center_SEC-256,2.9634346520300063e-06,Importance
423,Cost Center_PEO-462,2.7812399332007964e-06,Importance
424,Cost Center_FAC-396,2.367362657385263e-06,Importance
425,Cost Center_PEO-125,2.1873114117845878e-06,Importance
426,Cost Center_PEO-382,2.1149617171845062e-06,Importance
427,Cost Center_LEG-105,2.0770694426876115e-06,Importance
428,Cost Center_ENG-336,1.994030270308392e-06,Importance
429,Cost Center_CUS-306,1.713036619196452e-06,Importance
430,Cost Center_MAR-452,1.6673323000990908e-06,Importance
431,Cost Center_LEG-473,1.595218421628224e-06,Importance
432,Cost Center_LEG-324,1.5421079148944578e-06,Importance
433,Cost Center_ENG-482,1.3831113110427017e-06,Importance
434,Cost Center_SEC-468,1.17608590009034e-06,Importance
435,Cost Center_CUS-354,1.118868541390323e-06,Importance
436,Cost Center_LEG-489,1.113209099404571e-06,Importance
437,Cost Center_SAL-116,1.0784132199912855e-06,Importance
438,Cost Center_CUS-406,9.347121942281054e-07,Importance
439,Cost Center_PEO-367,7.291148695458213e-07,Importance
440,Cost Center_SAL-179,7.290042505937408e-07,Importance
441,Cost Center_FAC-123,5.827765243371593e-07,Importance
442,Cost Center_FAC-377,5.594159765942792e-07,Importance
443,Cost Center_MAR-200,5.451768226299596e-07,Importance
444,Cost Center_MAR-126,4.974757264042764e-07,Importance
445,Cost Center_PEO-381,4.299436219112489e-07,Importance
446,Cost Center_CUS-297,4.272234779418466e-07,Importance
447,Cost Center_PEO-247,3.4929786618825416e-07,Importance
448,Cost Center_SEC-475,2.1533331250076281e-07,Importance
449,Cost Center_PEO-214,8.010241013349965e-08,Importance
450,Cost Center_IT-283,3.65077157330829e-08,Importance
451,Cost Center_SEC-102,2.783024302230668e-08,Importance
452,Cost Center_SEC-437,2.2927740963770315e-08,Importance
453,Cost Center_ENG-467,2.0341734413865737e-08,Importance
454,Cost Center_CUS-499,3.8915021937139745e-09,Importance
455,Cost Center_LEG-475,0.0,Importance
456,Cost Center_PEO-120,0.0,Importance
457,Cost Center_PEO-117,0.0,Importance
458,Cost Center_PEO-132,0.0,Importance
459,Cost Center_PEO-116,0.0,Importance
460,Cost Center_PEO-136,0.0,Importance
461,Cost Center_PEO-124,0.0,Importance
462,Cost Center_PEO-130,0.0,Importance
463,Cost Center_LEG-479,0.0,Importance
464,Cost Center_LEG-472,0.0,Importance
465,Cost Center_PEO-139,0.0,Importance
466,Cost Center_PEO-113,0.0,Importance
467,Cost Center_MAR-191,0.0,Importance
468,Cost Center_PEO-140,0.0,Importance
469,Cost Center_PEO-262,0.0,Importance
470,Cost Center_PEO-222,0.0,Importance
471,Cost Center_PEO-226,0.0,Importance
472,Cost Center_PEO-230,0.0,Importance
473,Cost Center_LEG-458,0.0,Importance
474,Cost Center_PEO-240,0.0,Importance
475,Cost Center_PEO-245,0.0,Importance
476,Cost Center_LEG-457,0.0,Importance
477,Cost Center_PEO-249,0.0,Importance
478,Cost Center_PEO-252,0.0,Importance
479,Cost Center_PEO-253,0.0,Importance
480,Cost Center_PEO-257,0.0,Importance
481,Cost Center_LEG-447,0.0,Importance
482,Cost Center_LEG-445,0.0,Importance
483,Cost Center_PEO-260,0.0,Importance
484,Cost Center_PEO-263,0.0,Importance
485,Cost Center_PEO-220,0.0,Importance
486,Cost Center_LEG-444,0.0,Importance
487,Cost Center_LEG-443,0.0,Importance
488,Cost Center_LEG-441,0.0,Importance
489,Cost Center_PEO-273,0.0,Importance
490,Cost Center_PEO-275,0.0,Importance
491,Cost Center_PEO-278,0.0,Importance
492,Cost Center_PEO-280,0.0,Importance
493,Cost Center_PEO-284,0.0,Importance
494,Cost Center_LEG-440,0.0,Importance
495,Cost Center_PEO-286,0.0,Importance
496,Cost Center_PEO-287,0.0,Importance
497,Cost Center_PEO-288,0.0,Importance
498,Cost Center_PEO-290,0.0,Importance
499,Cost Center_PEO-294,0.0,Importance
500,Cost Center_PEO-221,0.0,Importance
501,Cost Center_PEO-219,0.0,Importance
502,Cost Center_LEG-470,0.0,Importance
503,Cost Center_PEO-176,0.0,Importance
504,Cost Center_PEO-145,0.0,Importance
505,Cost Center_LEG-469,0.0,Importance
506,Cost Center_LEG-467,0.0,Importance
507,Cost Center_PEO-152,0.0,Importance
508,Cost Center_PEO-153,0.0,Importance
509,Cost Center_PEO-154,0.0,Importance
510,Cost Center_PEO-158,0.0,Importance
511,Cost Center_PEO-159,0.0,Importance
512,Cost Center_PEO-166,0.0,Importance
513,Cost Center_PEO-167,0.0,Importance
514,Cost Center_PEO-168,0.0,Importance
515,Cost Center_PEO-172,0.0,Importance
516,Cost Center_PEO-173,0.0,Importance
517,Cost Center_PEO-175,0.0,Importance
518,Cost Center_PEO-177,0.0,Importance
519,Cost Center_PEO-211,0.0,Importance
520,Cost Center_PEO-179,0.0,Importance
521,Cost Center_LEG-466,0.0,Importance
522,Cost Center_PEO-180,0.0,Importance
523,Cost Center_LEG-464,0.0,Importance
524,Cost Center_LEG-462,0.0,Importance
525,Cost Center_PEO-183,0.0,Importance
526,Cost Center_PEO-184,0.0,Importance
527,Cost Center_PEO-187,0.0,Importance
528,Cost Center_PEO-188,0.0,Importance
529,Cost Center_PEO-189,0.0,Importance
530,Cost Center_PEO-190,0.0,Importance
531,Cost Center_PEO-192,0.0,Importance
532,Cost Center_PEO-200,0.0,Importance
533,Cost Center_LEG-461,0.0,Importance
534,Cost Center_LEG-480,0.0,Importance
535,Cost Center_MAR-398,0.0,Importance
536,Cost Center_LEG-484,0.0,Importance
537,Cost Center_MAR-257,0.0,Importance
538,Cost Center_MAR-267,0.0,Importance
539,Cost Center_MAR-266,0.0,Importance
540,Cost Center_MAR-155,0.0,Importance
541,Cost Center_MAR-263,0.0,Importance
542,Cost Center_MAR-262,0.0,Importance
543,Cost Center_MAR-160,0.0,Importance
544,Cost Center_MAR-260,0.0,Importance
545,Cost Center_MAR-161,0.0,Importance
546,Cost Center_MAR-305,0.0,Importance
547,Cost Center_MAR-163,0.0,Importance
548,Cost Center_MAR-254,0.0,Importance
549,Cost Center_MAR-166,0.0,Importance
550,Cost Center_MAR-167,0.0,Importance
551,Cost Center_MAR-169,0.0,Importance
552,Cost Center_MAR-253,0.0,Importance
553,Cost Center_MAR-251,0.0,Importance
554,Cost Center_MAR-153,0.0,Importance
555,Cost Center_MAR-268,0.0,Importance
556,Cost Center_PEO-300,0.0,Importance
557,Cost Center_MAR-271,0.0,Importance
558,Cost Center_MAR-148,0.0,Importance
559,Cost Center_MAR-300,0.0,Importance
560,Cost Center_MAR-299,0.0,Importance
561,Cost Center_MAR-298,0.0,Importance
562,Cost Center_MAR-297,0.0,Importance
563,Cost Center_MAR-296,0.0,Importance
564,Cost Center_MAR-294,0.0,Importance
565,Cost Center_MAR-151,0.0,Importance
566,Cost Center_MAR-293,0.0,Importance
567,Cost Center_MAR-292,0.0,Importance
568,Cost Center_MAR-291,0.0,Importance
569,Cost Center_MAR-289,0.0,Importance
570,Cost Center_MAR-283,0.0,Importance
571,Cost Center_MAR-281,0.0,Importance
572,Cost Center_MAR-274,0.0,Importance
573,Cost Center_MAR-250,0.0,Importance
574,Cost Center_MAR-249,0.0,Importance
575,Cost Center_MAR-248,0.0,Importance
576,Cost Center_MAR-215,0.0,Importance
577,Cost Center_MAR-178,0.0,Importance
578,Cost Center_MAR-179,0.0,Importance
579,Cost Center_MAR-180,0.0,Importance
580,Cost Center_MAR-211,0.0,Importance
581,Cost Center_MAR-209,0.0,Importance
582,Cost Center_MAR-208,0.0,Importance
583,Cost Center_MAR-207,0.0,Importance
584,Cost Center_MAR-206,0.0,Importance
585,Cost Center_MAR-205,0.0,Importance
586,Cost Center_MAR-182,0.0,Importance
587,Cost Center_MAR-203,0.0,Importance
588,Cost Center_MAR-202,0.0,Importance
589,Cost Center_MAR-183,0.0,Importance
590,Cost Center_MAR-185,0.0,Importance
591,Cost Center_MAR-187,0.0,Importance
592,Cost Center_MAR-214,0.0,Importance
593,Cost Center_MAR-217,0.0,Importance
594,Cost Center_MAR-246,0.0,Importance
595,Cost Center_MAR-177,0.0,Importance
596,Cost Center_MAR-243,0.0,Importance
597,Cost Center_MAR-241,0.0,Importance
598,Cost Center_MAR-238,0.0,Importance
599,Cost Center_MAR-237,0.0,Importance
600,Cost Center_MAR-171,0.0,Importance
601,Cost Center_MAR-174,0.0,Importance
602,Cost Center_MAR-234,0.0,Importance
603,Cost Center_MAR-231,0.0,Importance
604,Cost Center_MAR-175,0.0,Importance
605,Cost Center_MAR-230,0.0,Importance
606,Cost Center_MAR-229,0.0,Importance
607,Cost Center_MAR-228,0.0,Importance
608,Cost Center_MAR-226,0.0,Importance
609,Cost Center_MAR-225,0.0,Importance
610,Cost Center_MAR-222,0.0,Importance
611,Cost Center_MAR-303,0.0,Importance
612,Cost Center_MAR-311,0.0,Importance
613,Cost Center_PEO-109,0.0,Importance
614,Cost Center_MAR-107,0.0,Importance
615,Cost Center_MAR-104,0.0,Importance
616,Cost Center_MAR-442,0.0,Importance
617,Cost Center_MAR-436,0.0,Importance
618,Cost Center_MAR-105,0.0,Importance
619,Cost Center_MAR-433,0.0,Importance
620,Cost Center_MAR-430,0.0,Importance
621,Cost Center_MAR-428,0.0,Importance
622,Cost Center_MAR-427,0.0,Importance
623,Cost Center_MAR-315,0.0,Importance
624,Cost Center_MAR-425,0.0,Importance
625,Cost Center_MAR-112,0.0,Importance
626,Cost Center_MAR-414,0.0,Importance
627,Cost Center_MAR-406,0.0,Importance
628,Cost Center_MAR-401,0.0,Importance
629,Cost Center_MAR-397,0.0,Importance
630,Cost Center_MAR-395,0.0,Importance
631,Cost Center_MAR-449,0.0,Importance
632,Cost Center_MAR-458,0.0,Importance
633,Cost Center_MAR-467,0.0,Importance
634,Cost Center_MAR-468,0.0,Importance
635,Cost Center_PEO-106,0.0,Importance
636,Cost Center_PEO-103,0.0,Importance
637,Cost Center_PEO-101,0.0,Importance
638,Cost Center_MAR-496,0.0,Importance
639,Cost Center_MAR-494,0.0,Importance
640,Cost Center_LEG-492,0.0,Importance
641,Cost Center_LEG-493,0.0,Importance
642,Cost Center_LEG-499,0.0,Importance
643,Cost Center_MAR-485,0.0,Importance
644,Cost Center_MAR-483,0.0,Importance
645,Cost Center_MAR-100,0.0,Importance
646,Cost Center_MAR-478,0.0,Importance
647,Cost Center_MAR-475,0.0,Importance
648,Cost Center_MAR-472,0.0,Importance
649,Cost Center_MAR-101,0.0,Importance
650,Cost Center_MAR-394,0.0,Importance
651,Cost Center_MAR-390,0.0,Importance
652,Cost Center_MAR-389,0.0,Importance
653,Cost Center_MAR-351,0.0,Importance
654,Cost Center_MAR-345,0.0,Importance
655,Cost Center_MAR-343,0.0,Importance
656,Cost Center_MAR-130,0.0,Importance
657,Cost Center_MAR-132,0.0,Importance
658,Cost Center_MAR-135,0.0,Importance
659,Cost Center_MAR-335,0.0,Importance
660,Cost Center_MAR-334,0.0,Importance
661,Cost Center_MAR-136,0.0,Importance
662,Cost Center_MAR-138,0.0,Importance
663,Cost Center_MAR-330,0.0,Importance
664,Cost Center_MAR-140,0.0,Importance
665,Cost Center_MAR-321,0.0,Importance
666,Cost Center_MAR-319,0.0,Importance
667,Cost Center_MAR-144,0.0,Importance
668,Cost Center_MAR-317,0.0,Importance
669,Cost Center_MAR-348,0.0,Importance
670,Cost Center_MAR-125,0.0,Importance
671,Cost Center_MAR-113,0.0,Importance
672,Cost Center_MAR-353,0.0,Importance
673,Cost Center_MAR-383,0.0,Importance
674,Cost Center_MAR-382,0.0,Importance
675,Cost Center_MAR-380,0.0,Importance
676,Cost Center_MAR-379,0.0,Importance
677,Cost Center_MAR-376,0.0,Importance
678,Cost Center_MAR-375,0.0,Importance
679,Cost Center_MAR-372,0.0,Importance
680,Cost Center_MAR-369,0.0,Importance
681,Cost Center_MAR-116,0.0,Importance
682,Cost Center_MAR-364,0.0,Importance
683,Cost Center_MAR-119,0.0,Importance
684,Cost Center_MAR-360,0.0,Importance
685,Cost Center_MAR-123,0.0,Importance
686,Cost Center_MAR-357,0.0,Importance
687,Cost Center_MAR-355,0.0,Importance
688,Cost Center_PEO-299,0.0,Importance
689,Cost Center_SAL-161,0.0,Importance
690,Cost Center_PEO-301,0.0,Importance
691,Cost Center_SEC-193,0.0,Importance
692,Cost Center_SEC-183,0.0,Importance
693,Cost Center_SEC-182,0.0,Importance
694,Cost Center_SEC-181,0.0,Importance
695,Cost Center_SEC-180,0.0,Importance
696,Cost Center_SEC-174,0.0,Importance
697,Cost Center_SEC-171,0.0,Importance
698,Cost Center_SEC-165,0.0,Importance
699,Cost Center_SEC-163,0.0,Importance
700,Cost Center_SEC-162,0.0,Importance
701,Cost Center_SEC-161,0.0,Importance
702,Cost Center_SEC-152,0.0,Importance
703,Cost Center_SEC-149,0.0,Importance
704,Cost Center_SEC-148,0.0,Importance
705,Cost Center_SEC-144,0.0,Importance
706,Cost Center_SEC-141,0.0,Importance
707,Cost Center_SEC-140,0.0,Importance
708,Cost Center_SEC-135,0.0,Importance
709,Cost Center_SEC-131,0.0,Importance
710,Cost Center_SEC-127,0.0,Importance
711,Cost Center_SEC-185,0.0,Importance
712,Cost Center_SEC-195,0.0,Importance
713,Cost Center_SEC-251,0.0,Importance
714,Cost Center_SEC-196,0.0,Importance
715,Cost Center_SEC-245,0.0,Importance
716,Cost Center_SEC-244,0.0,Importance
717,Cost Center_SEC-241,0.0,Importance
718,Cost Center_SEC-238,0.0,Importance
719,Cost Center_SEC-237,0.0,Importance
720,Cost Center_SEC-234,0.0,Importance
721,Cost Center_SEC-231,0.0,Importance
722,Cost Center_SEC-229,0.0,Importance
723,Cost Center_SEC-228,0.0,Importance
724,Cost Center_SEC-223,0.0,Importance
725,Cost Center_SEC-222,0.0,Importance
726,Cost Center_SEC-221,0.0,Importance
727,Cost Center_SEC-220,0.0,Importance
728,Cost Center_SEC-218,0.0,Importance
729,Cost Center_SEC-216,0.0,Importance
730,Cost Center_SEC-208,0.0,Importance
731,Cost Center_SEC-205,0.0,Importance
732,Cost Center_SEC-204,0.0,Importance
733,Cost Center_SEC-202,0.0,Importance
734,Cost Center_SEC-125,0.0,Importance
735,Cost Center_SEC-123,0.0,Importance
736,Cost Center_SEC-120,0.0,Importance
737,Cost Center_SEC-116,0.0,Importance
738,Cost Center_SAL-430,0.0,Importance
739,Cost Center_SAL-428,0.0,Importance
740,Cost Center_SAL-426,0.0,Importance
741,Cost Center_SAL-422,0.0,Importance
742,Cost Center_SAL-421,0.0,Importance
743,Cost Center_SAL-420,0.0,Importance
744,Cost Center_SAL-419,0.0,Importance
745,Cost Center_SAL-414,0.0,Importance
746,Cost Center_SAL-413,0.0,Importance
747,Cost Center_SAL-408,0.0,Importance
748,Cost Center_SAL-406,0.0,Importance
749,Cost Center_SAL-403,0.0,Importance
750,Cost Center_SAL-402,0.0,Importance
751,Cost Center_SAL-401,0.0,Importance
752,Cost Center_SAL-400,0.0,Importance
753,Cost Center_SAL-398,0.0,Importance
754,Cost Center_SAL-396,0.0,Importance
755,Cost Center_SAL-393,0.0,Importance
756,Cost Center_SAL-391,0.0,Importance
757,Cost Center_SAL-437,0.0,Importance
758,Cost Center_SAL-440,0.0,Importance
759,Cost Center_SAL-441,0.0,Importance
760,Cost Center_SAL-494,0.0,Importance
761,Cost Center_SEC-115,0.0,Importance
762,Cost Center_SEC-114,0.0,Importance
763,Cost Center_SEC-108,0.0,Importance
764,Cost Center_SEC-107,0.0,Importance
765,Cost Center_SEC-105,0.0,Importance
766,Cost Center_SEC-103,0.0,Importance
767,Cost Center_SAL-497,0.0,Importance
768,Cost Center_SAL-496,0.0,Importance
769,Cost Center_SAL-484,0.0,Importance
770,Cost Center_SAL-443,0.0,Importance
771,Cost Center_SAL-483,0.0,Importance
772,Cost Center_SAL-480,0.0,Importance
773,Cost Center_SAL-472,0.0,Importance
774,Cost Center_SAL-470,0.0,Importance
775,Cost Center_SAL-464,0.0,Importance
776,Cost Center_SAL-459,0.0,Importance
777,Cost Center_SAL-455,0.0,Importance
778,Cost Center_SAL-451,0.0,Importance
779,Cost Center_SEC-250,0.0,Importance
780,Cost Center_SEC-252,0.0,Importance
781,Cost Center_SAL-389,0.0,Importance
782,Cost Center_SEC-436,0.0,Importance
783,Cost Center_SEC-431,0.0,Importance
784,Cost Center_SEC-423,0.0,Importance
785,Cost Center_SEC-421,0.0,Importance
786,Cost Center_SEC-418,0.0,Importance
787,Cost Center_SEC-407,0.0,Importance
788,Cost Center_SEC-403,0.0,Importance
789,Cost Center_SEC-402,0.0,Importance
790,Cost Center_SEC-400,0.0,Importance
791,Cost Center_SEC-395,0.0,Importance
792,Cost Center_SEC-391,0.0,Importance
793,Cost Center_SEC-389,0.0,Importance
794,Cost Center_SEC-387,0.0,Importance
795,Cost Center_SEC-385,0.0,Importance
796,Cost Center_SEC-380,0.0,Importance
797,Cost Center_SEC-376,0.0,Importance
798,Cost Center_SEC-375,0.0,Importance
799,Cost Center_SEC-373,0.0,Importance
800,Cost Center_SEC-370,0.0,Importance
801,Cost Center_SEC-367,0.0,Importance
802,Cost Center_SEC-432,0.0,Importance
803,Cost Center_SEC-440,0.0,Importance
804,Cost Center_SEC-258,0.0,Importance
805,Cost Center_SEC-442,0.0,Importance
806,PO Vendor Mismatch,0.0,Importance
807,Cost Center_SEC-495,0.0,Importance
808,Cost Center_SEC-494,0.0,Importance
809,Cost Center_SEC-493,0.0,Importance
810,Cost Center_SEC-492,0.0,Importance
811,Cost Center_SEC-490,0.0,Importance
812,Cost Center_SEC-489,0.0,Importance
813,Cost Center_SEC-487,0.0,Importance
814,Cost Center_SEC-484,0.0,Importance
815,Cost Center_SEC-479,0.0,Importance
816,Cost Center_SEC-477,0.0,Importance
817,Cost Center_SEC-476,0.0,Importance
818,Cost Center_SEC-474,0.0,Importance
819,Cost Center_SEC-461,0.0,Importance
820,Cost Center_SEC-460,0.0,Importance
821,Cost Center_SEC-456,0.0,Importance
822,Cost Center_SEC-454,0.0,Importance
823,Cost Center_SEC-450,0.0,Importance
824,Cost Center_SEC-449,0.0,Importance
825,Cost Center_SEC-365,0.0,Importance
826,Cost Center_SEC-361,0.0,Importance
827,Cost Center_SEC-360,0.0,Importance
828,Cost Center_SEC-358,0.0,Importance
829,Cost Center_SEC-298,0.0,Importance
830,Cost Center_SEC-297,0.0,Importance
831,Cost Center_SEC-295,0.0,Importance
832,Cost Center_SEC-291,0.0,Importance
833,Cost Center_SEC-290,0.0,Importance
834,Cost Center_SEC-289,0.0,Importance
835,Cost Center_SEC-286,0.0,Importance
836,Cost Center_SEC-284,0.0,Importance
837,Cost Center_SEC-281,0.0,Importance
838,Cost Center_SEC-280,0.0,Importance
839,Cost Center_SEC-279,0.0,Importance
840,Cost Center_SEC-278,0.0,Importance
841,Cost Center_SEC-268,0.0,Importance
842,Cost Center_SEC-267,0.0,Importance
843,Cost Center_SEC-264,0.0,Importance
844,Cost Center_SEC-263,0.0,Importance
845,Cost Center_SEC-262,0.0,Importance
846,Cost Center_SEC-261,0.0,Importance
847,Cost Center_SEC-259,0.0,Importance
848,Cost Center_SEC-300,0.0,Importance
849,Cost Center_SEC-301,0.0,Importance
850,Cost Center_SEC-302,0.0,Importance
851,Cost Center_SEC-327,0.0,Importance
852,Cost Center_SEC-357,0.0,Importance
853,Cost Center_SEC-356,0.0,Importance
854,Cost Center_SEC-352,0.0,Importance
855,Cost Center_SEC-349,0.0,Importance
856,Cost Center_SEC-348,0.0,Importance
857,Cost Center_SEC-342,0.0,Importance
858,Cost Center_SEC-340,0.0,Importance
859,Cost Center_SEC-335,0.0,Importance
860,Cost Center_SEC-326,0.0,Importance
861,Cost Center_SEC-305,0.0,Importance
862,Cost Center_SEC-323,0.0,Importance
863,Cost Center_SEC-321,0.0,Importance
864,Cost Center_SEC-318,0.0,Importance
865,Cost Center_SEC-316,0.0,Importance
866,Cost Center_SEC-313,0.0,Importance
867,Cost Center_SEC-310,0.0,Importance
868,Cost Center_SEC-308,0.0,Importance
869,Cost Center_SEC-307,0.0,Importance
870,Cost Center_SAL-390,0.0,Importance
871,Cost Center_SAL-386,0.0,Importance
872,Cost Center_PEO-304,0.0,Importance
873,Cost Center_PEO-492,0.0,Importance
874,Cost Center_PEO-488,0.0,Importance
875,Cost Center_PEO-485,0.0,Importance
876,Cost Center_PEO-484,0.0,Importance
877,Cost Center_PEO-483,0.0,Importance
878,Cost Center_PEO-481,0.0,Importance
879,Cost Center_PEO-479,0.0,Importance
880,Cost Center_PEO-478,0.0,Importance
881,Cost Center_PEO-468,0.0,Importance
882,Cost Center_PEO-467,0.0,Importance
883,Cost Center_PEO-466,0.0,Importance
884,Cost Center_PEO-464,0.0,Importance
885,Cost Center_PEO-458,0.0,Importance
886,Cost Center_PEO-455,0.0,Importance
887,Cost Center_PEO-448,0.0,Importance
888,Cost Center_PEO-446,0.0,Importance
889,Cost Center_PEO-445,0.0,Importance
890,Cost Center_PEO-443,0.0,Importance
891,Cost Center_PEO-437,0.0,Importance
892,Cost Center_PEO-436,0.0,Importance
893,Cost Center_PEO-489,0.0,Importance
894,Cost Center_PEO-494,0.0,Importance
895,Cost Center_LEG-438,0.0,Importance
896,Cost Center_SAL-100,0.0,Importance
897,Cost Center_SAL-155,0.0,Importance
898,Cost Center_SAL-154,0.0,Importance
899,Cost Center_SAL-153,0.0,Importance
900,Cost Center_SAL-145,0.0,Importance
901,Cost Center_SAL-143,0.0,Importance
902,Cost Center_SAL-142,0.0,Importance
903,Cost Center_SAL-138,0.0,Importance
904,Cost Center_SAL-135,0.0,Importance
905,Cost Center_SAL-134,0.0,Importance
906,Cost Center_SAL-132,0.0,Importance
907,Cost Center_SAL-129,0.0,Importance
908,Cost Center_SAL-128,0.0,Importance
909,Cost Center_SAL-126,0.0,Importance
910,Cost Center_SAL-125,0.0,Importance
911,Cost Center_SAL-123,0.0,Importance
912,Cost Center_SAL-113,0.0,Importance
913,Cost Center_SAL-110,0.0,Importance
914,Cost Center_SAL-108,0.0,Importance
915,Cost Center_SAL-105,0.0,Importance
916,Cost Center_PEO-433,0.0,Importance
917,Cost Center_PEO-429,0.0,Importance
918,Cost Center_PEO-426,0.0,Importance
919,Cost Center_PEO-425,0.0,Importance
920,Cost Center_PEO-362,0.0,Importance
921,Cost Center_PEO-356,0.0,Importance
922,Cost Center_PEO-354,0.0,Importance
923,Cost Center_PEO-352,0.0,Importance
924,Cost Center_PEO-350,0.0,Importance
925,Cost Center_PEO-348,0.0,Importance
926,Cost Center_PEO-341,0.0,Importance
927,Cost Center_PEO-338,0.0,Importance
928,Cost Center_PEO-335,0.0,Importance
929,Cost Center_PEO-334,0.0,Importance
930,Cost Center_PEO-333,0.0,Importance
931,Cost Center_PEO-325,0.0,Importance
932,Cost Center_PEO-324,0.0,Importance
933,Cost Center_PEO-322,0.0,Importance
934,Cost Center_PEO-316,0.0,Importance
935,Cost Center_PEO-313,0.0,Importance
936,Cost Center_PEO-312,0.0,Importance
937,Cost Center_PEO-309,0.0,Importance
938,Cost Center_PEO-306,0.0,Importance
939,Cost Center_PEO-363,0.0,Importance
940,Cost Center_PEO-369,0.0,Importance
941,Cost Center_PEO-370,0.0,Importance
942,Cost Center_PEO-399,0.0,Importance
943,Cost Center_PEO-424,0.0,Importance
944,Cost Center_PEO-423,0.0,Importance
945,Cost Center_PEO-419,0.0,Importance
946,Cost Center_PEO-418,0.0,Importance
947,Cost Center_PEO-417,0.0,Importance
948,Cost Center_PEO-412,0.0,Importance
949,Cost Center_PEO-404,0.0,Importance
950,Cost Center_PEO-400,0.0,Importance
951,Cost Center_PEO-398,0.0,Importance
952,Cost Center_PEO-378,0.0,Importance
953,Cost Center_PEO-394,0.0,Importance
954,Cost Center_PEO-393,0.0,Importance
955,Cost Center_PEO-389,0.0,Importance
956,Cost Center_PEO-387,0.0,Importance
957,Cost Center_PEO-386,0.0,Importance
958,Cost Center_PEO-383,0.0,Importance
959,Cost Center_PEO-380,0.0,Importance
960,Cost Center_PEO-379,0.0,Importance
961,Cost Center_SAL-160,0.0,Importance
962,Cost Center_SAL-164,0.0,Importance
963,Cost Center_SAL-385,0.0,Importance
964,Cost Center_SAL-326,0.0,Importance
965,Cost Center_SAL-319,0.0,Importance
966,Cost Center_SAL-318,0.0,Importance
967,Cost Center_SAL-317,0.0,Importance
968,Cost Center_SAL-310,0.0,Importance
969,Cost Center_SAL-309,0.0,Importance
970,Cost Center_SAL-308,0.0,Importance
971,Cost Center_SAL-307,0.0,Importance
972,Cost Center_SAL-306,0.0,Importance
973,Cost Center_SAL-304,0.0,Importance
974,Cost Center_SAL-303,0.0,Importance
975,Cost Center_SAL-302,0.0,Importance
976,Cost Center_SAL-300,0.0,Importance
977,Cost Center_SAL-296,0.0,Importance
978,Cost Center_SAL-295,0.0,Importance
979,Cost Center_SAL-290,0.0,Importance
980,Cost Center_SAL-289,0.0,Importance
981,Cost Center_SAL-286,0.0,Importance
982,Cost Center_SAL-285,0.0,Importance
983,Cost Center_SAL-284,0.0,Importance
984,Cost Center_SAL-323,0.0,Importance
985,Cost Center_SAL-329,0.0,Importance
986,Cost Center_SAL-168,0.0,Importance
987,Cost Center_SAL-330,0.0,Importance
988,Cost Center_SAL-382,0.0,Importance
989,Cost Center_SAL-381,0.0,Importance
990,Cost Center_SAL-380,0.0,Importance
991,Cost Center_SAL-376,0.0,Importance
992,Cost Center_SAL-369,0.0,Importance
993,Cost Center_SAL-368,0.0,Importance
994,Cost Center_SAL-366,0.0,Importance
995,Cost Center_SAL-363,0.0,Importance
996,Cost Center_SAL-361,0.0,Importance
997,Cost Center_SAL-359,0.0,Importance
998,Cost Center_SAL-358,0.0,Importance
999,Cost Center_SAL-355,0.0,Importance
1000,Cost Center_SAL-346,0.0,Importance
1001,Cost Center_SAL-345,0.0,Importance
1002,Cost Center_SAL-342,0.0,Importance
1003,Cost Center_SAL-339,0.0,Importance
1004,Cost Center_SAL-338,0.0,Importance
1005,Cost Center_SAL-336,0.0,Importance
1006,Cost Center_SAL-332,0.0,Importance
1007,Cost Center_SAL-282,0.0,Importance
1008,Cost Center_SAL-281,0.0,Importance
1009,Cost Center_SAL-279,0.0,Importance
1010,Cost Center_SAL-278,0.0,Importance
1011,Cost Center_SAL-217,0.0,Importance
1012,Cost Center_SAL-214,0.0,Importance
1013,Cost Center_SAL-208,0.0,Importance
1014,Cost Center_SAL-205,0.0,Importance
1015,Cost Center_SAL-204,0.0,Importance
1016,Cost Center_SAL-203,0.0,Importance
1017,Cost Center_SAL-202,0.0,Importance
1018,Cost Center_SAL-197,0.0,Importance
1019,Cost Center_SAL-193,0.0,Importance
1020,Cost Center_SAL-192,0.0,Importance
1021,Cost Center_SAL-190,0.0,Importance
1022,Cost Center_SAL-189,0.0,Importance
1023,Cost Center_SAL-183,0.0,Importance
1024,Cost Center_SAL-181,0.0,Importance
1025,Cost Center_SAL-177,0.0,Importance
1026,Cost Center_SAL-176,0.0,Importance
1027,Cost Center_SAL-175,0.0,Importance
1028,Cost Center_SAL-172,0.0,Importance
1029,Cost Center_SAL-169,0.0,Importance
1030,Cost Center_SAL-224,0.0,Importance
1031,Cost Center_SAL-226,0.0,Importance
1032,Cost Center_SAL-228,0.0,Importance
1033,Cost Center_SAL-263,0.0,Importance
1034,Cost Center_SAL-276,0.0,Importance
1035,Cost Center_SAL-274,0.0,Importance
1036,Cost Center_SAL-273,0.0,Importance
1037,Cost Center_SAL-270,0.0,Importance
1038,Cost Center_SAL-269,0.0,Importance
1039,Cost Center_SAL-268,0.0,Importance
1040,Cost Center_SAL-266,0.0,Importance
1041,Cost Center_SAL-264,0.0,Importance
1042,Cost Center_SAL-262,0.0,Importance
1043,Cost Center_SAL-229,0.0,Importance
1044,Cost Center_SAL-254,0.0,Importance
1045,Cost Center_SAL-251,0.0,Importance
1046,Cost Center_SAL-250,0.0,Importance
1047,Cost Center_SAL-249,0.0,Importance
1048,Cost Center_SAL-243,0.0,Importance
1049,Cost Center_SAL-241,0.0,Importance
1050,Cost Center_SAL-237,0.0,Importance
1051,Cost Center_SAL-230,0.0,Importance
1052,Cost Center_LEG-439,0.0,Importance
1053,Cost Center_LEG-177,0.0,Importance
1054,Cost Center_LEG-434,0.0,Importance
1055,Cost Center_ENG-491,0.0,Importance
1056,Cost Center_FAC-124,0.0,Importance
1057,Cost Center_FAC-119,0.0,Importance
1058,Cost Center_FAC-117,0.0,Importance
1059,Cost Center_FAC-116,0.0,Importance
1060,Cost Center_FAC-115,0.0,Importance
1061,Cost Center_FAC-105,0.0,Importance
1062,Cost Center_FAC-104,0.0,Importance
1063,Cost Center_FAC-102,0.0,Importance
1064,Cost Center_ENG-496,0.0,Importance
1065,Cost Center_ENG-495,0.0,Importance
1066,Cost Center_ENG-490,0.0,Importance
1067,Cost Center_FAC-205,0.0,Importance
1068,Cost Center_ENG-488,0.0,Importance
1069,Cost Center_ENG-487,0.0,Importance
1070,Cost Center_ENG-486,0.0,Importance
1071,Cost Center_ENG-484,0.0,Importance
1072,Cost Center_ENG-479,0.0,Importance
1073,Cost Center_ENG-478,0.0,Importance
1074,Cost Center_ENG-475,0.0,Importance
1075,Cost Center_ENG-472,0.0,Importance
1076,Cost Center_ENG-471,0.0,Importance
1077,Cost Center_ENG-470,0.0,Importance
1078,Cost Center_FAC-126,0.0,Importance
1079,Cost Center_FAC-127,0.0,Importance
1080,Cost Center_FAC-128,0.0,Importance
1081,Cost Center_FAC-129,0.0,Importance
1082,Cost Center_FAC-194,0.0,Importance
1083,Cost Center_FAC-193,0.0,Importance
1084,Cost Center_FAC-190,0.0,Importance
1085,Cost Center_FAC-188,0.0,Importance
1086,Cost Center_FAC-185,0.0,Importance
1087,Cost Center_FAC-184,0.0,Importance
1088,Cost Center_FAC-173,0.0,Importance
1089,Cost Center_FAC-165,0.0,Importance
1090,Cost Center_FAC-164,0.0,Importance
1091,Cost Center_FAC-163,0.0,Importance
1092,Cost Center_FAC-161,0.0,Importance
1093,Cost Center_FAC-159,0.0,Importance
1094,Cost Center_FAC-156,0.0,Importance
1095,Cost Center_FAC-148,0.0,Importance
1096,Cost Center_FAC-147,0.0,Importance
1097,Cost Center_FAC-144,0.0,Importance
1098,Cost Center_FAC-142,0.0,Importance
1099,Cost Center_FAC-135,0.0,Importance
1100,Cost Center_FAC-134,0.0,Importance
1101,Cost Center_FAC-131,0.0,Importance
1102,Cost Center_FAC-130,0.0,Importance
1103,Cost Center_ENG-466,0.0,Importance
1104,Cost Center_ENG-464,0.0,Importance
1105,Cost Center_ENG-453,0.0,Importance
1106,Cost Center_ENG-374,0.0,Importance
1107,Cost Center_ENG-370,0.0,Importance
1108,Cost Center_ENG-365,0.0,Importance
1109,Cost Center_ENG-364,0.0,Importance
1110,Cost Center_ENG-361,0.0,Importance
1111,Cost Center_ENG-360,0.0,Importance
1112,Cost Center_ENG-359,0.0,Importance
1113,Cost Center_ENG-353,0.0,Importance
1114,Cost Center_ENG-352,0.0,Importance
1115,Cost Center_ENG-351,0.0,Importance
1116,Cost Center_ENG-350,0.0,Importance
1117,Cost Center_ENG-348,0.0,Importance
1118,Cost Center_ENG-347,0.0,Importance
1119,Cost Center_ENG-345,0.0,Importance
1120,Cost Center_ENG-344,0.0,Importance
1121,Cost Center_ENG-340,0.0,Importance
1122,Cost Center_ENG-339,0.0,Importance
1123,Cost Center_ENG-338,0.0,Importance
1124,Cost Center_ENG-337,0.0,Importance
1125,Cost Center_ENG-333,0.0,Importance
1126,Cost Center_ENG-331,0.0,Importance
1127,Cost Center_ENG-328,0.0,Importance
1128,Cost Center_ENG-372,0.0,Importance
1129,Cost Center_ENG-379,0.0,Importance
1130,Cost Center_ENG-448,0.0,Importance
1131,Cost Center_ENG-385,0.0,Importance
1132,Cost Center_ENG-445,0.0,Importance
1133,Cost Center_ENG-443,0.0,Importance
1134,Cost Center_ENG-440,0.0,Importance
1135,Cost Center_ENG-438,0.0,Importance
1136,Cost Center_ENG-436,0.0,Importance
1137,Cost Center_ENG-435,0.0,Importance
1138,Cost Center_ENG-434,0.0,Importance
1139,Cost Center_ENG-432,0.0,Importance
1140,Cost Center_ENG-429,0.0,Importance
1141,Cost Center_ENG-428,0.0,Importance
1142,Cost Center_ENG-424,0.0,Importance
1143,Cost Center_ENG-419,0.0,Importance
1144,Cost Center_ENG-417,0.0,Importance
1145,Cost Center_ENG-411,0.0,Importance
1146,Cost Center_ENG-410,0.0,Importance
1147,Cost Center_ENG-409,0.0,Importance
1148,Cost Center_ENG-405,0.0,Importance
1149,Cost Center_ENG-400,0.0,Importance
1150,Cost Center_ENG-397,0.0,Importance
1151,Cost Center_ENG-396,0.0,Importance
1152,Cost Center_ENG-389,0.0,Importance
1153,Cost Center_FAC-203,0.0,Importance
1154,Cost Center_FAC-209,0.0,Importance
1155,Cost Center_LEG-432,0.0,Importance
1156,Cost Center_FAC-381,0.0,Importance
1157,Cost Center_FAC-400,0.0,Importance
1158,Cost Center_FAC-399,0.0,Importance
1159,Cost Center_FAC-394,0.0,Importance
1160,Cost Center_FAC-393,0.0,Importance
1161,Cost Center_FAC-392,0.0,Importance
1162,Cost Center_FAC-390,0.0,Importance
1163,Cost Center_FAC-389,0.0,Importance
1164,Cost Center_FAC-388,0.0,Importance
1165,Cost Center_FAC-384,0.0,Importance
1166,Cost Center_FAC-382,0.0,Importance
1167,Cost Center_FAC-378,0.0,Importance
1168,Cost Center_FAC-221,0.0,Importance
1169,Cost Center_FAC-376,0.0,Importance
1170,Cost Center_FAC-375,0.0,Importance
1171,Cost Center_FAC-372,0.0,Importance
1172,Cost Center_FAC-362,0.0,Importance
1173,Cost Center_FAC-361,0.0,Importance
1174,Cost Center_FAC-360,0.0,Importance
1175,Cost Center_FAC-358,0.0,Importance
1176,Cost Center_FAC-354,0.0,Importance
1177,Cost Center_FAC-352,0.0,Importance
1178,Cost Center_FAC-351,0.0,Importance
1179,Cost Center_FAC-402,0.0,Importance
1180,Cost Center_FAC-403,0.0,Importance
1181,Cost Center_FAC-404,0.0,Importance
1182,Cost Center_FAC-405,0.0,Importance
1183,Cost Center_FAC-471,0.0,Importance
1184,Cost Center_FAC-470,0.0,Importance
1185,Cost Center_FAC-467,0.0,Importance
1186,Cost Center_FAC-465,0.0,Importance
1187,Cost Center_FAC-459,0.0,Importance
1188,Cost Center_FAC-452,0.0,Importance
1189,Cost Center_FAC-451,0.0,Importance
1190,Cost Center_FAC-450,0.0,Importance
1191,Cost Center_FAC-447,0.0,Importance
1192,Cost Center_FAC-440,0.0,Importance
1193,Cost Center_FAC-436,0.0,Importance
1194,Cost Center_FAC-430,0.0,Importance
1195,Cost Center_FAC-428,0.0,Importance
1196,Cost Center_FAC-425,0.0,Importance
1197,Cost Center_FAC-424,0.0,Importance
1198,Cost Center_FAC-423,0.0,Importance
1199,Cost Center_FAC-420,0.0,Importance
1200,Cost Center_FAC-418,0.0,Importance
1201,Cost Center_FAC-417,0.0,Importance
1202,Cost Center_FAC-414,0.0,Importance
1203,Cost Center_FAC-412,0.0,Importance
1204,Cost Center_FAC-349,0.0,Importance
1205,Cost Center_FAC-345,0.0,Importance
1206,Cost Center_FAC-338,0.0,Importance
1207,Cost Center_FAC-282,0.0,Importance
1208,Cost Center_FAC-277,0.0,Importance
1209,Cost Center_FAC-276,0.0,Importance
1210,Cost Center_FAC-275,0.0,Importance
1211,Cost Center_FAC-273,0.0,Importance
1212,Cost Center_FAC-271,0.0,Importance
1213,Cost Center_FAC-270,0.0,Importance
1214,Cost Center_FAC-269,0.0,Importance
1215,Cost Center_FAC-264,0.0,Importance
1216,Cost Center_FAC-260,0.0,Importance
1217,Cost Center_FAC-257,0.0,Importance
1218,Cost Center_FAC-253,0.0,Importance
1219,Cost Center_FAC-251,0.0,Importance
1220,Cost Center_FAC-250,0.0,Importance
1221,Cost Center_FAC-246,0.0,Importance
1222,Cost Center_FAC-245,0.0,Importance
1223,Cost Center_FAC-244,0.0,Importance
1224,Cost Center_FAC-240,0.0,Importance
1225,Cost Center_FAC-231,0.0,Importance
1226,Cost Center_FAC-226,0.0,Importance
1227,Cost Center_FAC-224,0.0,Importance
1228,Cost Center_FAC-223,0.0,Importance
1229,Cost Center_FAC-281,0.0,Importance
1230,Cost Center_FAC-284,0.0,Importance
1231,Cost Center_FAC-337,0.0,Importance
1232,Cost Center_FAC-287,0.0,Importance
1233,Cost Center_FAC-334,0.0,Importance
1234,Cost Center_FAC-330,0.0,Importance
1235,Cost Center_FAC-329,0.0,Importance
1236,Cost Center_FAC-327,0.0,Importance
1237,Cost Center_FAC-326,0.0,Importance
1238,Cost Center_FAC-321,0.0,Importance
1239,Cost Center_FAC-317,0.0,Importance
1240,Cost Center_FAC-314,0.0,Importance
1241,Cost Center_FAC-312,0.0,Importance
1242,Cost Center_FAC-311,0.0,Importance
1243,Cost Center_FAC-307,0.0,Importance
1244,Cost Center_FAC-306,0.0,Importance
1245,Cost Center_FAC-303,0.0,Importance
1246,Cost Center_FAC-302,0.0,Importance
1247,Cost Center_FAC-301,0.0,Importance
1248,Cost Center_FAC-298,0.0,Importance
1249,Cost Center_FAC-296,0.0,Importance
1250,Cost Center_FAC-292,0.0,Importance
1251,Cost Center_FAC-290,0.0,Importance
1252,Cost Center_FAC-289,0.0,Importance
1253,Cost Center_FAC-288,0.0,Importance
1254,Cost Center_ENG-327,0.0,Importance
1255,Cost Center_ENG-318,0.0,Importance
1256,Cost Center_ENG-311,0.0,Importance
1257,Cost Center_CUS-278,0.0,Importance
1258,Cost Center_CUS-309,0.0,Importance
1259,Cost Center_CUS-308,0.0,Importance
1260,Cost Center_CUS-305,0.0,Importance
1261,Cost Center_CUS-303,0.0,Importance
1262,Cost Center_CUS-299,0.0,Importance
1263,Cost Center_CUS-294,0.0,Importance
1264,Cost Center_CUS-292,0.0,Importance
1265,Cost Center_CUS-288,0.0,Importance
1266,Cost Center_CUS-281,0.0,Importance
1267,Cost Center_CUS-279,0.0,Importance
1268,Cost Center_CUS-273,0.0,Importance
1269,Cost Center_ENG-310,0.0,Importance
1270,Cost Center_CUS-271,0.0,Importance
1271,Cost Center_CUS-267,0.0,Importance
1272,Cost Center_CUS-266,0.0,Importance
1273,Cost Center_CUS-264,0.0,Importance
1274,Cost Center_CUS-263,0.0,Importance
1275,Cost Center_CUS-260,0.0,Importance
1276,Cost Center_CUS-256,0.0,Importance
1277,Cost Center_CUS-252,0.0,Importance
1278,Cost Center_CUS-250,0.0,Importance
1279,Cost Center_CUS-249,0.0,Importance
1280,Cost Center_CUS-313,0.0,Importance
1281,Cost Center_CUS-314,0.0,Importance
1282,Cost Center_CUS-316,0.0,Importance
1283,Cost Center_CUS-320,0.0,Importance
1284,Cost Center_CUS-389,0.0,Importance
1285,Cost Center_CUS-385,0.0,Importance
1286,Cost Center_CUS-383,0.0,Importance
1287,Cost Center_CUS-379,0.0,Importance
1288,Cost Center_CUS-378,0.0,Importance
1289,Cost Center_CUS-376,0.0,Importance
1290,Cost Center_CUS-365,0.0,Importance
1291,Cost Center_CUS-361,0.0,Importance
1292,Cost Center_CUS-359,0.0,Importance
1293,Cost Center_CUS-357,0.0,Importance
1294,Cost Center_CUS-352,0.0,Importance
1295,Cost Center_CUS-349,0.0,Importance
1296,Cost Center_CUS-344,0.0,Importance
1297,Cost Center_CUS-340,0.0,Importance
1298,Cost Center_CUS-338,0.0,Importance
1299,Cost Center_CUS-337,0.0,Importance
1300,Cost Center_CUS-334,0.0,Importance
1301,Cost Center_CUS-332,0.0,Importance
1302,Cost Center_CUS-330,0.0,Importance
1303,Cost Center_CUS-325,0.0,Importance
1304,Cost Center_CUS-322,0.0,Importance
1305,Cost Center_CUS-243,0.0,Importance
1306,Cost Center_CUS-241,0.0,Importance
1307,Cost Center_CUS-240,0.0,Importance
1308,Cost Center_CUS-163,0.0,Importance
1309,Cost Center_CUS-161,0.0,Importance
1310,Cost Center_CUS-158,0.0,Importance
1311,Cost Center_CUS-153,0.0,Importance
1312,Cost Center_CUS-145,0.0,Importance
1313,Cost Center_CUS-144,0.0,Importance
1314,Cost Center_CUS-140,0.0,Importance
1315,Cost Center_CUS-138,0.0,Importance
1316,Cost Center_CUS-136,0.0,Importance
1317,Cost Center_CUS-133,0.0,Importance
1318,Cost Center_CUS-132,0.0,Importance
1319,Cost Center_CUS-130,0.0,Importance
1320,Cost Center_CUS-128,0.0,Importance
1321,Cost Center_CUS-127,0.0,Importance
1322,Cost Center_CUS-118,0.0,Importance
1323,Cost Center_CUS-117,0.0,Importance
1324,Cost Center_CUS-116,0.0,Importance
1325,Cost Center_CUS-114,0.0,Importance
1326,Cost Center_CUS-110,0.0,Importance
1327,Cost Center_CUS-109,0.0,Importance
1328,Cost Center_CUS-108,0.0,Importance
1329,Cost Center_CUS-102,0.0,Importance
1330,Cost Center_CUS-162,0.0,Importance
1331,Cost Center_CUS-164,0.0,Importance
1332,Cost Center_CUS-237,0.0,Importance
1333,Cost Center_CUS-165,0.0,Importance
1334,Cost Center_CUS-235,0.0,Importance
1335,Cost Center_CUS-233,0.0,Importance
1336,Cost Center_CUS-232,0.0,Importance
1337,Cost Center_CUS-228,0.0,Importance
1338,Cost Center_CUS-217,0.0,Importance
1339,Cost Center_CUS-216,0.0,Importance
1340,Cost Center_CUS-215,0.0,Importance
1341,Cost Center_CUS-211,0.0,Importance
1342,Cost Center_CUS-199,0.0,Importance
1343,Cost Center_CUS-194,0.0,Importance
1344,Cost Center_CUS-187,0.0,Importance
1345,Cost Center_CUS-183,0.0,Importance
1346,Cost Center_CUS-182,0.0,Importance
1347,Cost Center_CUS-181,0.0,Importance
1348,Cost Center_CUS-180,0.0,Importance
1349,Cost Center_CUS-179,0.0,Importance
1350,Cost Center_CUS-174,0.0,Importance
1351,Cost Center_CUS-173,0.0,Importance
1352,Cost Center_CUS-170,0.0,Importance
1353,Cost Center_CUS-168,0.0,Importance
1354,Cost Center_CUS-166,0.0,Importance
1355,Cost Center_CUS-390,0.0,Importance
1356,Cost Center_CUS-393,0.0,Importance
1357,Cost Center_CUS-398,0.0,Importance
1358,Cost Center_ENG-236,0.0,Importance
1359,Cost Center_ENG-229,0.0,Importance
1360,Cost Center_ENG-223,0.0,Importance
1361,Cost Center_ENG-220,0.0,Importance
1362,Cost Center_ENG-219,0.0,Importance
1363,Cost Center_ENG-206,0.0,Importance
1364,Cost Center_ENG-205,0.0,Importance
1365,Cost Center_ENG-202,0.0,Importance
1366,Cost Center_ENG-201,0.0,Importance
1367,Cost Center_ENG-200,0.0,Importance
1368,Cost Center_ENG-199,0.0,Importance
1369,Cost Center_ENG-198,0.0,Importance
1370,Cost Center_ENG-197,0.0,Importance
1371,Cost Center_ENG-196,0.0,Importance
1372,Cost Center_ENG-191,0.0,Importance
1373,Cost Center_ENG-187,0.0,Importance
1374,Cost Center_ENG-179,0.0,Importance
1375,Cost Center_ENG-177,0.0,Importance
1376,Cost Center_ENG-172,0.0,Importance
1377,Cost Center_ENG-171,0.0,Importance
1378,Cost Center_ENG-170,0.0,Importance
1379,Cost Center_ENG-166,0.0,Importance
1380,Cost Center_ENG-233,0.0,Importance
1381,Cost Center_ENG-240,0.0,Importance
1382,Cost Center_ENG-158,0.0,Importance
1383,Cost Center_ENG-242,0.0,Importance
1384,Cost Center_ENG-309,0.0,Importance
1385,Cost Center_ENG-303,0.0,Importance
1386,Cost Center_ENG-301,0.0,Importance
1387,Cost Center_ENG-297,0.0,Importance
1388,Cost Center_ENG-296,0.0,Importance
1389,Cost Center_ENG-292,0.0,Importance
1390,Cost Center_ENG-291,0.0,Importance
1391,Cost Center_ENG-287,0.0,Importance
1392,Cost Center_ENG-286,0.0,Importance
1393,Cost Center_ENG-283,0.0,Importance
1394,Cost Center_ENG-281,0.0,Importance
1395,Cost Center_ENG-278,0.0,Importance
1396,Cost Center_ENG-277,0.0,Importance
1397,Cost Center_ENG-274,0.0,Importance
1398,Cost Center_ENG-271,0.0,Importance
1399,Cost Center_ENG-260,0.0,Importance
1400,Cost Center_ENG-255,0.0,Importance
1401,Cost Center_ENG-253,0.0,Importance
1402,Cost Center_ENG-251,0.0,Importance
1403,Cost Center_ENG-249,0.0,Importance
1404,Cost Center_ENG-243,0.0,Importance
1405,Cost Center_ENG-159,0.0,Importance
1406,Cost Center_ENG-157,0.0,Importance
1407,Cost Center_CUS-401,0.0,Importance
1408,Cost Center_CUS-459,0.0,Importance
1409,Cost Center_CUS-455,0.0,Importance
1410,Cost Center_CUS-453,0.0,Importance
1411,Cost Center_CUS-452,0.0,Importance
1412,Cost Center_CUS-451,0.0,Importance
1413,Cost Center_CUS-445,0.0,Importance
1414,Cost Center_CUS-444,0.0,Importance
1415,Cost Center_CUS-439,0.0,Importance
1416,Cost Center_CUS-435,0.0,Importance
1417,Cost Center_CUS-433,0.0,Importance
1418,Cost Center_CUS-432,0.0,Importance
1419,Cost Center_CUS-428,0.0,Importance
1420,Cost Center_CUS-427,0.0,Importance
1421,Cost Center_CUS-425,0.0,Importance
1422,Cost Center_CUS-424,0.0,Importance
1423,Cost Center_CUS-421,0.0,Importance
1424,Cost Center_CUS-420,0.0,Importance
1425,Cost Center_CUS-418,0.0,Importance
1426,Cost Center_CUS-416,0.0,Importance
1427,Cost Center_CUS-413,0.0,Importance
1428,Cost Center_CUS-403,0.0,Importance
1429,Cost Center_CUS-402,0.0,Importance
1430,Cost Center_CUS-456,0.0,Importance
1431,Cost Center_CUS-462,0.0,Importance
1432,Cost Center_ENG-156,0.0,Importance
1433,Cost Center_CUS-463,0.0,Importance
1434,Cost Center_ENG-145,0.0,Importance
1435,Cost Center_ENG-142,0.0,Importance
1436,Cost Center_ENG-140,0.0,Importance
1437,Cost Center_ENG-128,0.0,Importance
1438,Cost Center_ENG-126,0.0,Importance
1439,Cost Center_ENG-118,0.0,Importance
1440,Cost Center_ENG-117,0.0,Importance
1441,Cost Center_ENG-115,0.0,Importance
1442,Cost Center_ENG-112,0.0,Importance
1443,Cost Center_ENG-108,0.0,Importance
1444,Cost Center_ENG-106,0.0,Importance
1445,Cost Center_ENG-104,0.0,Importance
1446,Cost Center_ENG-100,0.0,Importance
1447,Cost Center_CUS-488,0.0,Importance
1448,Cost Center_CUS-486,0.0,Importance
1449,Cost Center_CUS-484,0.0,Importance
1450,Cost Center_CUS-480,0.0,Importance
1451,Cost Center_CUS-470,0.0,Importance
1452,Cost Center_CUS-469,0.0,Importance
1453,Cost Center_CUS-466,0.0,Importance
1454,Cost Center_CUS-465,0.0,Importance
1455,Cost Center_FAC-477,0.0,Importance
1456,Cost Center_FAC-481,0.0,Importance
1457,Cost Center_FAC-482,0.0,Importance
1458,Cost Center_IT-427,0.0,Importance
1459,Cost Center_IT-449,0.0,Importance
1460,Cost Center_IT-448,0.0,Importance
1461,Cost Center_IT-447,0.0,Importance
1462,Cost Center_IT-444,0.0,Importance
1463,Cost Center_IT-441,0.0,Importance
1464,Cost Center_IT-440,0.0,Importance
1465,Cost Center_IT-439,0.0,Importance
1466,Cost Center_IT-432,0.0,Importance
1467,Cost Center_IT-431,0.0,Importance
1468,Cost Center_IT-429,0.0,Importance
1469,Cost Center_IT-423,0.0,Importance
1470,Cost Center_IT-240,0.0,Importance
1471,Cost Center_IT-420,0.0,Importance
1472,Cost Center_IT-419,0.0,Importance
1473,Cost Center_IT-417,0.0,Importance
1474,Cost Center_IT-414,0.0,Importance
1475,Cost Center_IT-411,0.0,Importance
1476,Cost Center_IT-407,0.0,Importance
1477,Cost Center_IT-404,0.0,Importance
1478,Cost Center_IT-401,0.0,Importance
1479,Cost Center_IT-399,0.0,Importance
1480,Cost Center_IT-395,0.0,Importance
1481,Cost Center_IT-456,0.0,Importance
1482,Cost Center_IT-460,0.0,Importance
1483,Cost Center_IT-465,0.0,Importance
1484,Cost Center_IT-466,0.0,Importance
1485,Cost Center_LEG-142,0.0,Importance
1486,Cost Center_LEG-134,0.0,Importance
1487,Cost Center_LEG-131,0.0,Importance
1488,Cost Center_LEG-126,0.0,Importance
1489,Cost Center_LEG-123,0.0,Importance
1490,Cost Center_LEG-120,0.0,Importance
1491,Cost Center_LEG-118,0.0,Importance
1492,Cost Center_LEG-116,0.0,Importance
1493,Cost Center_LEG-113,0.0,Importance
1494,Cost Center_LEG-109,0.0,Importance
1495,Cost Center_LEG-104,0.0,Importance
1496,Cost Center_LEG-100,0.0,Importance
1497,Cost Center_IT-496,0.0,Importance
1498,Cost Center_IT-491,0.0,Importance
1499,Cost Center_IT-490,0.0,Importance
1500,Cost Center_IT-487,0.0,Importance
1501,Cost Center_IT-486,0.0,Importance
1502,Cost Center_IT-474,0.0,Importance
1503,Cost Center_IT-473,0.0,Importance
1504,Cost Center_IT-471,0.0,Importance
1505,Cost Center_IT-469,0.0,Importance
1506,Cost Center_IT-390,0.0,Importance
1507,Cost Center_IT-389,0.0,Importance
1508,Cost Center_IT-381,0.0,Importance
1509,Cost Center_IT-317,0.0,Importance
1510,Cost Center_IT-314,0.0,Importance
1511,Cost Center_IT-309,0.0,Importance
1512,Cost Center_IT-308,0.0,Importance
1513,Cost Center_IT-304,0.0,Importance
1514,Cost Center_IT-302,0.0,Importance
1515,Cost Center_IT-299,0.0,Importance
1516,Cost Center_IT-297,0.0,Importance
1517,Cost Center_IT-296,0.0,Importance
1518,Cost Center_IT-282,0.0,Importance
1519,Cost Center_IT-281,0.0,Importance
1520,Cost Center_IT-280,0.0,Importance
1521,Cost Center_IT-268,0.0,Importance
1522,Cost Center_IT-263,0.0,Importance
1523,Cost Center_IT-261,0.0,Importance
1524,Cost Center_IT-259,0.0,Importance
1525,Cost Center_IT-257,0.0,Importance
1526,Cost Center_IT-255,0.0,Importance
1527,Cost Center_IT-254,0.0,Importance
1528,Cost Center_IT-253,0.0,Importance
1529,Cost Center_IT-252,0.0,Importance
1530,Cost Center_IT-247,0.0,Importance
1531,Cost Center_IT-316,0.0,Importance
1532,Cost Center_IT-319,0.0,Importance
1533,Cost Center_IT-380,0.0,Importance
1534,Cost Center_IT-324,0.0,Importance
1535,Cost Center_IT-378,0.0,Importance
1536,Cost Center_IT-375,0.0,Importance
1537,Cost Center_IT-372,0.0,Importance
1538,Cost Center_IT-367,0.0,Importance
1539,Cost Center_IT-364,0.0,Importance
1540,Cost Center_IT-360,0.0,Importance
1541,Cost Center_IT-356,0.0,Importance
1542,Cost Center_IT-355,0.0,Importance
1543,Cost Center_IT-354,0.0,Importance
1544,Cost Center_IT-351,0.0,Importance
1545,Cost Center_IT-350,0.0,Importance
1546,Cost Center_IT-349,0.0,Importance
1547,Cost Center_IT-348,0.0,Importance
1548,Cost Center_IT-342,0.0,Importance
1549,Cost Center_IT-341,0.0,Importance
1550,Cost Center_IT-340,0.0,Importance
1551,Cost Center_IT-331,0.0,Importance
1552,Cost Center_IT-330,0.0,Importance
1553,Cost Center_IT-329,0.0,Importance
1554,Cost Center_IT-328,0.0,Importance
1555,Cost Center_IT-326,0.0,Importance
1556,Cost Center_LEG-147,0.0,Importance
1557,Cost Center_LEG-149,0.0,Importance
1558,Cost Center_LEG-151,0.0,Importance
1559,Cost Center_LEG-371,0.0,Importance
1560,Cost Center_LEG-363,0.0,Importance
1561,Cost Center_LEG-362,0.0,Importance
1562,Cost Center_LEG-359,0.0,Importance
1563,Cost Center_LEG-355,0.0,Importance
1564,Cost Center_LEG-353,0.0,Importance
1565,Cost Center_LEG-342,0.0,Importance
1566,Cost Center_LEG-340,0.0,Importance
1567,Cost Center_LEG-338,0.0,Importance
1568,Cost Center_LEG-334,0.0,Importance
1569,Cost Center_LEG-328,0.0,Importance
1570,Cost Center_LEG-325,0.0,Importance
1571,Cost Center_LEG-323,0.0,Importance
1572,Cost Center_LEG-319,0.0,Importance
1573,Cost Center_LEG-318,0.0,Importance
1574,Cost Center_LEG-316,0.0,Importance
1575,Cost Center_LEG-313,0.0,Importance
1576,Cost Center_LEG-312,0.0,Importance
1577,Cost Center_LEG-311,0.0,Importance
1578,Cost Center_LEG-308,0.0,Importance
1579,Cost Center_LEG-306,0.0,Importance
1580,Cost Center_LEG-305,0.0,Importance
1581,Cost Center_LEG-370,0.0,Importance
1582,Cost Center_LEG-372,0.0,Importance
1583,Cost Center_LEG-300,0.0,Importance
1584,Cost Center_LEG-376,0.0,Importance
1585,Cost Center_LEG-429,0.0,Importance
1586,Cost Center_LEG-428,0.0,Importance
1587,Cost Center_LEG-424,0.0,Importance
1588,Cost Center_LEG-423,0.0,Importance
1589,Cost Center_LEG-421,0.0,Importance
1590,Cost Center_LEG-417,0.0,Importance
1591,Cost Center_LEG-416,0.0,Importance
1592,Cost Center_LEG-413,0.0,Importance
1593,Cost Center_LEG-412,0.0,Importance
1594,Cost Center_LEG-405,0.0,Importance
1595,Cost Center_LEG-404,0.0,Importance
1596,Cost Center_LEG-402,0.0,Importance
1597,Cost Center_LEG-400,0.0,Importance
1598,Cost Center_LEG-399,0.0,Importance
1599,Cost Center_LEG-393,0.0,Importance
1600,Cost Center_LEG-392,0.0,Importance
1601,Cost Center_LEG-390,0.0,Importance
1602,Cost Center_LEG-387,0.0,Importance
1603,Cost Center_LEG-380,0.0,Importance
1604,Cost Center_LEG-378,0.0,Importance
1605,Cost Center_LEG-377,0.0,Importance
1606,Cost Center_LEG-304,0.0,Importance
1607,Cost Center_LEG-299,0.0,Importance
1608,Cost Center_LEG-155,0.0,Importance
1609,Cost Center_LEG-216,0.0,Importance
1610,Cost Center_LEG-211,0.0,Importance
1611,Cost Center_LEG-209,0.0,Importance
1612,Cost Center_LEG-208,0.0,Importance
1613,Cost Center_LEG-204,0.0,Importance
1614,Cost Center_LEG-203,0.0,Importance
1615,Cost Center_LEG-201,0.0,Importance
1616,Cost Center_LEG-200,0.0,Importance
1617,Cost Center_LEG-199,0.0,Importance
1618,Cost Center_LEG-197,0.0,Importance
1619,Cost Center_LEG-194,0.0,Importance
1620,Cost Center_LEG-193,0.0,Importance
1621,Cost Center_LEG-192,0.0,Importance
1622,Cost Center_LEG-186,0.0,Importance
1623,Cost Center_LEG-179,0.0,Importance
1624,Cost Center_LEG-178,0.0,Importance
1625,Cost Center_LEG-176,0.0,Importance
1626,Cost Center_LEG-170,0.0,Importance
1627,Cost Center_LEG-167,0.0,Importance
1628,Cost Center_LEG-162,0.0,Importance
1629,Cost Center_LEG-158,0.0,Importance
1630,Cost Center_LEG-156,0.0,Importance
1631,Cost Center_LEG-214,0.0,Importance
1632,Cost Center_LEG-217,0.0,Importance
1633,Cost Center_LEG-297,0.0,Importance
1634,Cost Center_LEG-221,0.0,Importance
1635,Cost Center_LEG-291,0.0,Importance
1636,Cost Center_LEG-289,0.0,Importance
1637,Cost Center_LEG-287,0.0,Importance
1638,Cost Center_LEG-282,0.0,Importance
1639,Cost Center_LEG-276,0.0,Importance
1640,Cost Center_LEG-274,0.0,Importance
1641,Cost Center_LEG-266,0.0,Importance
1642,Cost Center_LEG-263,0.0,Importance
1643,Cost Center_LEG-259,0.0,Importance
1644,Cost Center_LEG-256,0.0,Importance
1645,Cost Center_LEG-255,0.0,Importance
1646,Cost Center_LEG-254,0.0,Importance
1647,Cost Center_LEG-249,0.0,Importance
1648,Cost Center_LEG-248,0.0,Importance
1649,Cost Center_LEG-247,0.0,Importance
1650,Cost Center_LEG-245,0.0,Importance
1651,Cost Center_LEG-239,0.0,Importance
1652,Cost Center_LEG-237,0.0,Importance
1653,Cost Center_LEG-233,0.0,Importance
1654,Cost Center_LEG-224,0.0,Importance
1655,Cost Center_LEG-222,0.0,Importance
1656,Cost Center_IT-244,0.0,Importance
1657,Cost Center_IT-239,0.0,Importance
1658,Cost Center_FAC-487,0.0,Importance
1659,Cost Center_FIN-253,0.0,Importance
1660,Cost Center_FIN-295,0.0,Importance
1661,Cost Center_FIN-294,0.0,Importance
1662,Cost Center_FIN-292,0.0,Importance
1663,Cost Center_FIN-281,0.0,Importance
1664,Cost Center_FIN-277,0.0,Importance
1665,Cost Center_FIN-271,0.0,Importance
1666,Cost Center_FIN-267,0.0,Importance
1667,Cost Center_FIN-266,0.0,Importance
1668,Cost Center_FIN-260,0.0,Importance
1669,Cost Center_FIN-259,0.0,Importance
1670,Cost Center_FIN-251,0.0,Importance
1671,Cost Center_IT-236,0.0,Importance
1672,Cost Center_FIN-247,0.0,Importance
1673,Cost Center_FIN-246,0.0,Importance
1674,Cost Center_FIN-243,0.0,Importance
1675,Cost Center_FIN-242,0.0,Importance
1676,Cost Center_FIN-241,0.0,Importance
1677,Cost Center_FIN-238,0.0,Importance
1678,Cost Center_FIN-234,0.0,Importance
1679,Cost Center_FIN-233,0.0,Importance
1680,Cost Center_FIN-229,0.0,Importance
1681,Cost Center_FIN-228,0.0,Importance
1682,Cost Center_FIN-297,0.0,Importance
1683,Cost Center_FIN-301,0.0,Importance
1684,Cost Center_FIN-306,0.0,Importance
1685,Cost Center_FIN-308,0.0,Importance
1686,Cost Center_FIN-369,0.0,Importance
1687,Cost Center_FIN-363,0.0,Importance
1688,Cost Center_FIN-358,0.0,Importance
1689,Cost Center_FIN-356,0.0,Importance
1690,Cost Center_FIN-355,0.0,Importance
1691,Cost Center_FIN-351,0.0,Importance
1692,Cost Center_FIN-350,0.0,Importance
1693,Cost Center_FIN-349,0.0,Importance
1694,Cost Center_FIN-345,0.0,Importance
1695,Cost Center_FIN-344,0.0,Importance
1696,Cost Center_FIN-343,0.0,Importance
1697,Cost Center_FIN-342,0.0,Importance
1698,Cost Center_FIN-341,0.0,Importance
1699,Cost Center_FIN-340,0.0,Importance
1700,Cost Center_FIN-339,0.0,Importance
1701,Cost Center_FIN-337,0.0,Importance
1702,Cost Center_FIN-328,0.0,Importance
1703,Cost Center_FIN-323,0.0,Importance
1704,Cost Center_FIN-318,0.0,Importance
1705,Cost Center_FIN-313,0.0,Importance
1706,Cost Center_FIN-310,0.0,Importance
1707,Cost Center_FIN-226,0.0,Importance
1708,Cost Center_FIN-225,0.0,Importance
1709,Cost Center_FIN-224,0.0,Importance
1710,Cost Center_FIN-165,0.0,Importance
1711,Cost Center_FIN-159,0.0,Importance
1712,Cost Center_FIN-154,0.0,Importance
1713,Cost Center_FIN-150,0.0,Importance
1714,Cost Center_FIN-145,0.0,Importance
1715,Cost Center_FIN-144,0.0,Importance
1716,Cost Center_FIN-137,0.0,Importance
1717,Cost Center_FIN-135,0.0,Importance
1718,Cost Center_FIN-130,0.0,Importance
1719,Cost Center_FIN-129,0.0,Importance
1720,Cost Center_FIN-127,0.0,Importance
1721,Cost Center_FIN-125,0.0,Importance
1722,Cost Center_FIN-122,0.0,Importance
1723,Cost Center_FIN-121,0.0,Importance
1724,Cost Center_FIN-118,0.0,Importance
1725,Cost Center_FIN-117,0.0,Importance
1726,Cost Center_FIN-112,0.0,Importance
1727,Cost Center_FIN-111,0.0,Importance
1728,Cost Center_FIN-109,0.0,Importance
1729,Cost Center_FIN-102,0.0,Importance
1730,Cost Center_FAC-493,0.0,Importance
1731,Cost Center_FAC-489,0.0,Importance
1732,Cost Center_FIN-163,0.0,Importance
1733,Cost Center_FIN-167,0.0,Importance
1734,Cost Center_FIN-221,0.0,Importance
1735,Cost Center_FIN-168,0.0,Importance
1736,Cost Center_FIN-215,0.0,Importance
1737,Cost Center_FIN-212,0.0,Importance
1738,Cost Center_FIN-211,0.0,Importance
1739,Cost Center_FIN-210,0.0,Importance
1740,Cost Center_FIN-206,0.0,Importance
1741,Cost Center_FIN-201,0.0,Importance
1742,Cost Center_FIN-200,0.0,Importance
1743,Cost Center_FIN-198,0.0,Importance
1744,Cost Center_FIN-197,0.0,Importance
1745,Cost Center_FIN-196,0.0,Importance
1746,Cost Center_FIN-192,0.0,Importance
1747,Cost Center_FIN-190,0.0,Importance
1748,Cost Center_FIN-189,0.0,Importance
1749,Cost Center_FIN-186,0.0,Importance
1750,Cost Center_FIN-185,0.0,Importance
1751,Cost Center_FIN-182,0.0,Importance
1752,Cost Center_FIN-177,0.0,Importance
1753,Cost Center_FIN-174,0.0,Importance
1754,Cost Center_FIN-172,0.0,Importance
1755,Cost Center_FIN-171,0.0,Importance
1756,Cost Center_FIN-169,0.0,Importance
1757,Cost Center_FIN-372,0.0,Importance
1758,Cost Center_FIN-373,0.0,Importance
1759,Cost Center_FIN-378,0.0,Importance
1760,Cost Center_IT-162,0.0,Importance
1761,Cost Center_IT-157,0.0,Importance
1762,Cost Center_IT-156,0.0,Importance
1763,Cost Center_IT-153,0.0,Importance
1764,Cost Center_IT-147,0.0,Importance
1765,Cost Center_IT-146,0.0,Importance
1766,Cost Center_IT-144,0.0,Importance
1767,Cost Center_IT-142,0.0,Importance
1768,Cost Center_IT-141,0.0,Importance
1769,Cost Center_IT-139,0.0,Importance
1770,Cost Center_IT-138,0.0,Importance
1771,Cost Center_IT-137,0.0,Importance
1772,Cost Center_IT-136,0.0,Importance
1773,Cost Center_IT-129,0.0,Importance
1774,Cost Center_IT-126,0.0,Importance
1775,Cost Center_IT-124,0.0,Importance
1776,Cost Center_IT-123,0.0,Importance
1777,Cost Center_IT-117,0.0,Importance
1778,Cost Center_IT-115,0.0,Importance
1779,Cost Center_IT-114,0.0,Importance
1780,Cost Center_IT-113,0.0,Importance
1781,Cost Center_IT-110,0.0,Importance
1782,Cost Center_IT-161,0.0,Importance
1783,Cost Center_IT-163,0.0,Importance
1784,Cost Center_IT-103,0.0,Importance
1785,Cost Center_IT-165,0.0,Importance
1786,Cost Center_IT-233,0.0,Importance
1787,Cost Center_IT-230,0.0,Importance
1788,Cost Center_IT-228,0.0,Importance
1789,Cost Center_IT-225,0.0,Importance
1790,Cost Center_IT-221,0.0,Importance
1791,Cost Center_IT-216,0.0,Importance
1792,Cost Center_IT-215,0.0,Importance
1793,Cost Center_IT-212,0.0,Importance
1794,Cost Center_IT-210,0.0,Importance
1795,Cost Center_IT-206,0.0,Importance
1796,Cost Center_IT-202,0.0,Importance
1797,Cost Center_IT-201,0.0,Importance
1798,Cost Center_IT-196,0.0,Importance
1799,Cost Center_IT-195,0.0,Importance
1800,Cost Center_IT-190,0.0,Importance
1801,Cost Center_IT-189,0.0,Importance
1802,Cost Center_IT-188,0.0,Importance
1803,Cost Center_IT-184,0.0,Importance
1804,Cost Center_IT-183,0.0,Importance
1805,Cost Center_IT-174,0.0,Importance
1806,Cost Center_IT-172,0.0,Importance
1807,Cost Center_IT-105,0.0,Importance
1808,Cost Center_IT-101,0.0,Importance
1809,Cost Center_FIN-380,0.0,Importance
1810,Cost Center_FIN-441,0.0,Importance
1811,Cost Center_FIN-439,0.0,Importance
1812,Cost Center_FIN-437,0.0,Importance
1813,Cost Center_FIN-431,0.0,Importance
1814,Cost Center_FIN-427,0.0,Importance
1815,Cost Center_FIN-425,0.0,Importance
1816,Cost Center_FIN-422,0.0,Importance
1817,Cost Center_FIN-418,0.0,Importance
1818,Cost Center_FIN-417,0.0,Importance
1819,Cost Center_FIN-415,0.0,Importance
1820,Cost Center_FIN-413,0.0,Importance
1821,Cost Center_FIN-412,0.0,Importance
1822,Cost Center_FIN-409,0.0,Importance
1823,Cost Center_FIN-402,0.0,Importance
1824,Cost Center_FIN-401,0.0,Importance
1825,Cost Center_FIN-400,0.0,Importance
1826,Cost Center_FIN-394,0.0,Importance
1827,Cost Center_FIN-390,0.0,Importance
1828,Cost Center_FIN-386,0.0,Importance
1829,Cost Center_FIN-385,0.0,Importance
1830,Cost Center_FIN-384,0.0,Importance
1831,Cost Center_FIN-382,0.0,Importance
1832,Cost Center_FIN-440,0.0,Importance
1833,Cost Center_FIN-444,0.0,Importance
1834,Cost Center_IT-100,0.0,Importance
1835,Cost Center_FIN-446,0.0,Importance
1836,Cost Center_FIN-499,0.0,Importance
1837,Cost Center_FIN-497,0.0,Importance
1838,Cost Center_FIN-488,0.0,Importance
1839,Cost Center_FIN-487,0.0,Importance
1840,Cost Center_FIN-483,0.0,Importance
1841,Cost Center_FIN-482,0.0,Importance
1842,Cost Center_FIN-480,0.0,Importance
1843,Cost Center_FIN-479,0.0,Importance
1844,Cost Center_FIN-475,0.0,Importance
1845,Cost Center_FIN-472,0.0,Importance
1846,Cost Center_FIN-471,0.0,Importance
1847,Cost Center_FIN-470,0.0,Importance
1848,Cost Center_FIN-468,0.0,Importance
1849,Cost Center_FIN-464,0.0,Importance
1850,Cost Center_FIN-461,0.0,Importance
1851,Cost Center_FIN-459,0.0,Importance
1852,Cost Center_FIN-458,0.0,Importance
1853,Cost Center_FIN-455,0.0,Importance
1854,Cost Center_FIN-453,0.0,Importance
1855,Cost Center_FIN-451,0.0,Importance
1856,Cost Center_FIN-447,0.0,Importance
1857,Cost Center_LEG-150,0.0,Importance
